date,state,positive,probableCases,negative,pending,totalTestResultsSource,totalTestResults,hospitalizedCurrently,hospitalizedCumulative,inIcuCurrently,inIcuCumulative,onVentilatorCurrently,onVentilatorCumulative,recovered,dataQualityGrade,lastUpdateEt,dateModified,checkTimeEt,death,hospitalized,dateChecked,totalTestsViral,positiveTestsViral,negativeTestsViral,positiveCasesViral,deathConfirmed,deathProbable,totalTestEncountersViral,totalTestsPeopleViral,totalTestsAntibody,positiveTestsAntibody,negativeTestsAntibody,totalTestsPeopleAntibody,positiveTestsPeopleAntibody,negativeTestsPeopleAntibody,totalTestsPeopleAntigen,positiveTestsPeopleAntigen,totalTestsAntigen,positiveTestsAntigen,fips,positiveIncrease,negativeIncrease,total,totalTestResultsIncrease,posNeg,deathIncrease,hospitalizedIncrease,hash,commercialScore,negativeRegularScore,negativeScore,positiveScore,score,grade
20210204,CA,3294447,,,,totalTestsViral,43235327,14138.0,,3756.0,,,,,B,2/4/2021 02:59,2021-02-04T02:59:00Z,02/03 21:59,42466.0,,2021-02-04T02:59:00Z,43235327,,,3294447.0,,,,,,,,,,,,,,,06,13176,0,3294447,168094,3294447,655,0,e586a21060fe2a0b63ddf5f1a42be4ebce26460f,0,0,0,0,0,
20210203,CA,3281271,,,,totalTestsViral,43067233,14578.0,,3772.0,,,,,B,2/3/2021 02:59,2021-02-03T02:59:00Z,02/02 21:59,41811.0,,2021-02-03T02:59:00Z,43067233,,,3281271.0,,,,,,,,,,,,,,,06,10501,0,3281271,215342,3281271,481,0,10cd12b269b78982e9eca02388a579b58c509a29,0,0,0,0,0,
20210202,CA,3270770,,,,totalTestsViral,42851891,14999.0,,3894.0,,,,,B,2/2/2021 02:59,2021-02-02T02:59:00Z,02/01 21:59,41330.0,,2021-02-02T02:59:00Z,42851891,,,3270770.0,,,,,,,,,,,,,,,06,12064,0,3270770,282698,3270770,422,0,e8bce81b3cdb0f746ba68c5736082a7a6998aece,0,0,0,0,0,
20210201,CA,3258706,,,,totalTestsViral,42569193,15212.0,,3949.0,,,,,B,2/1/2021 02:59,2021-02-01T02:59:00Z,01/31 21:59,40908.0,,2021-02-01T02:59:00Z,42569193,,,3258706.0,,,,,,,,,,,,,,,06,15358,0,3258706,290175,3258706,211,0,46a1783f54c1a7ab10708043ee2fa7a90bb67151,0,0,0,0,0,
20210131,CA,3243348,,,,totalTestsViral,42279018,15676.0,,4047.0,,,,,B,1/31/2021 02:59,2021-01-31T02:59:00Z,01/30 21:59,40697.0,,2021-01-31T02:59:00Z,42279018,,,3243348.0,,,,,,,,,,,,,,,06,18974,0,3243348,298562,3243348,481,0,a8ae3738a5dda2bf44a6e23b3e90e4c66f052ff1,0,0,0,0,0,
20210130,CA,3224374,,,,totalTestsViral,41980456,15941.0,,4042.0,,,,,B,1/30/2021 02:59,2021-01-30T02:59:00Z,01/29 21:59,40216.0,,2021-01-30T02:59:00Z,41980456,,,3224374.0,,,,,,,,,,,,,,,06,18427,0,3224374,303051,3224374,638,0,bc513f8aab21acec17ec0fc2ba363049acb3488c,0,0,0,0,0,
20210129,CA,3205947,,,,totalTestsViral,41677405,16581.0,,4232.0,,,,,B,1/29/2021 02:59,2021-01-29T02:59:00Z,01/28 21:59,39578.0,,2021-01-29T02:59:00Z,41677405,,,3205947.0,,,,,,,,,,,,,,,06,19337,0,3205947,206771,3205947,617,0,eee8dc30a208abdabda2f347bbb07076bb44045a,0,0,0,0,0,
20210128,CA,3186610,,,,totalTestsViral,41470634,17143.0,,4283.0,,,,,B,1/28/2021 02:59,2021-01-28T02:59:00Z,01/27 21:59,38961.0,,2021-01-28T02:59:00Z,41470634,,,3186610.0,,,,,,,,,,,,,,,06,16696,0,3186610,218152,3186610,737,0,a3bdae1db09b8cd78ac6bd3541515f569a1c4982,0,0,0,0,0,
20210127,CA,3169914,,,,totalTestsViral,41252482,17710.0,,4375.0,,,,,B,1/27/2021 02:59,2021-01-27T02:59:00Z,01/26 21:59,38224.0,,2021-01-27T02:59:00Z,41252482,,,3169914.0,,,,,,,,,,,,,,,06,16728,0,3169914,241712,3169914,697,0,b0f2bc2659fad33e8f92c5fd191fbaa916760f21,0,0,0,0,0,
20210126,CA,3153186,,,,totalTestsViral,41010770,18039.0,,4384.0,,,,,B,1/26/2021 02:59,2021-01-26T02:59:00Z,01/25 21:59,37527.0,,2021-01-26T02:59:00Z,41010770,,,3153186.0,,,,,,,,,,,,,,,06,17028,0,3153186,321862,3153186,409,0,eaada1633949b1ec061c7eed9b64ca0da357cabe,0,0,0,0,0,
20210125,CA,3136158,,,,totalTestsViral,40688908,18347.0,,4475.0,,,,,B,1/25/2021 02:59,2021-01-25T02:59:00Z,01/24 21:59,37118.0,,2021-01-25T02:59:00Z,40688908,,,3136158.0,,,,,,,,,,,,,,,06,27007,0,3136158,403193,3136158,328,0,1dd3678f7cd45992720a1426c6434f866017b134,0,0,0,0,0,
20210124,CA,3109151,,,,totalTestsViral,40285715,18638.0,,4542.0,,,,,B,1/24/2021 02:59,2021-01-24T02:59:00Z,01/23 21:59,36790.0,,2021-01-24T02:59:00Z,40285715,,,3109151.0,,,,,,,,,,,,,,,06,24111,0,3109151,315596,3109151,429,0,318890e096367eb0288ea3161aed9eecc9e52d34,0,0,0,0,0,
20210123,CA,3085040,,,,totalTestsViral,39970119,19293.0,,4641.0,,,,,B,1/23/2021 02:59,2021-01-23T02:59:00Z,01/22 21:59,36361.0,,2021-01-23T02:59:00Z,39970119,,,3085040.0,,,,,,,,,,,,,,,06,22972,0,3085040,244280,3085040,593,0,17a20da3fc0b6099e81c2537d726521694b77734,0,0,0,0,0,
20210122,CA,3062068,,,,totalTestsViral,39725839,19855.0,,4718.0,,,,,B,1/22/2021 02:59,2021-01-22T02:59:00Z,01/21 21:59,35768.0,,2021-01-22T02:59:00Z,39725839,,,3062068.0,,,,,,,,,,,,,,,06,23024,0,3062068,213083,3062068,764,0,aac42102ba94c1955ea18928964e16d0ca875368,0,0,0,0,0,
20210121,CA,3039044,,,,totalTestsViral,39512756,20408.0,,4746.0,,,,,B,1/21/2021 02:59,2021-01-21T02:59:00Z,01/20 21:59,35004.0,,2021-01-21T02:59:00Z,39512756,,,3039044.0,,,,,,,,,,,,,,,06,19673,0,3039044,224393,3039044,571,0,0cdaef9440ca14ad31d94c57adbf2dd4c565db23,0,0,0,0,0,
20210120,CA,3019371,,,,totalTestsViral,39288363,20814.0,,4758.0,,,,,B,1/20/2021 02:59,2021-01-20T02:59:00Z,01/19 21:59,34433.0,,2021-01-20T02:59:00Z,39288363,,,3019371.0,,,,,,,,,,,,,,,06,22403,0,3019371,263820,3019371,694,0,ab2a6554fbd6bcf3fffcd468a6b6669efe877eae,0,0,0,0,0,
20210119,CA,2996968,,,,totalTestsViral,39024543,20942.0,,4793.0,,,,,B,1/19/2021 02:59,2021-01-19T02:59:00Z,01/18 21:59,33739.0,,2021-01-19T02:59:00Z,39024543,,,2996968.0,,,,,,,,,,,,,,,06,23794,0,2996968,368787,2996968,146,0,64cc4e3fbaed6a4b7642b57290e9dd7670f14f39,0,0,0,0,0,
20210118,CA,2973174,,,,totalTestsViral,38655756,20968.0,,4826.0,,,,,B,1/18/2021 02:59,2021-01-18T02:59:00Z,01/17 21:59,33593.0,,2021-01-18T02:59:00Z,38655756,,,2973174.0,,,,,,,,,,,,,,,06,30699,0,2973174,427141,2973174,201,0,7ab64d8a13a090ad7b4f99dfb1ca7edbecaab00f,0,0,0,0,0,
20210117,CA,2942475,,,,totalTestsViral,38228615,21143.0,,4820.0,,,,,B,1/17/2021 02:59,2021-01-17T02:59:00Z,01/16 21:59,33392.0,,2021-01-17T02:59:00Z,38228615,,,2942475.0,,,,,,,,,,,,,,,06,42229,0,2942475,426360,2942475,432,0,4fee454f96149cbd596f956bcbbd960a3ef6e4df,0,0,0,0,0,
20210116,CA,2900246,,,,totalTestsViral,37802255,21579.0,,4846.0,,,,,B,1/16/2021 02:59,2021-01-16T02:59:00Z,01/15 21:59,32960.0,,2021-01-16T02:59:00Z,37802255,,,2900246.0,,,,,,,,,,,,,,,06,40622,0,2900246,352719,2900246,669,0,e3a8898c84d37cdfd8c699c83b8703fbc52a69df,0,0,0,0,0,
20210115,CA,2859624,,,,totalTestsViral,37449536,21856.0,,4833.0,,,,,B,1/15/2021 02:59,2021-01-15T02:59:00Z,01/14 21:59,32291.0,,2021-01-15T02:59:00Z,37449536,,,2859624.0,,,,,,,,,,,,,,,06,42655,0,2859624,319170,2859624,637,0,16d487af63b2968c71224b9e7f1af1b65d7dd0ee,0,0,0,0,0,
20210114,CA,2816969,,,,totalTestsViral,37130366,22210.0,,4878.0,,,,,B,1/14/2021 02:59,2021-01-14T02:59:00Z,01/13 21:59,31654.0,,2021-01-14T02:59:00Z,37130366,,,2816969.0,,,,,,,,,,,,,,,06,35930,0,2816969,287715,2816969,552,0,6e8fdaa6d2f9cb923e18c8e64e0169f1d911c3dd,0,0,0,0,0,
20210113,CA,2781039,,,,totalTestsViral,36842651,22550.0,,4929.0,,,,,B,1/13/2021 02:59,2021-01-13T02:59:00Z,01/12 21:59,31102.0,,2021-01-13T02:59:00Z,36842651,,,2781039.0,,,,,,,,,,,,,,,06,33751,0,2781039,334267,2781039,589,0,3fab2885d7a2144434f67cf5a3c460dc4e725abe,0,0,0,0,0,
20210112,CA,2747288,,,,totalTestsViral,36508384,22665.0,,4962.0,,,,,B,1/12/2021 02:59,2021-01-12T02:59:00Z,01/11 21:59,30513.0,,2021-01-12T02:59:00Z,36508384,,,2747288.0,,,,,,,,,,,,,,,06,36487,0,2747288,337856,2747288,548,0,c945c194683547b8339e03000800191a619e1fb3,0,0,0,0,0,
20210111,CA,2710801,,,,totalTestsViral,36170528,22633.0,,4971.0,,,,,B,1/11/2021 02:59,2021-01-11T02:59:00Z,01/10 21:59,29965.0,,2021-01-11T02:59:00Z,36170528,,,2710801.0,,,,,,,,,,,,,,,06,39839,0,2710801,343704,2710801,264,0,2e6212c6e9e6772c310ce68f9ca9c14f588425c4,0,0,0,0,0,
20210110,CA,2670962,,,,totalTestsViral,35826824,22513.0,,4965.0,,,,,B,1/10/2021 02:59,2021-01-10T02:59:00Z,01/09 21:59,29701.0,,2021-01-10T02:59:00Z,35826824,,,2670962.0,,,,,,,,,,,,,,,06,49685,0,2670962,473076,2670962,468,0,6c876aa7ce3078b137e04891b4d8989325ef19ab,0,0,0,0,0,
20210109,CA,2621277,,,,totalTestsViral,35353748,22600.0,,4939.0,,,,,B,1/9/2021 02:59,2021-01-09T02:59:00Z,01/08 21:59,29233.0,,2021-01-09T02:59:00Z,35353748,,,2621277.0,,,,,,,,,,,,,,,06,52636,0,2621277,326418,2621277,695,0,11d1072502ebf4954f5ec642a38631664e2b2478,0,0,0,0,0,
20210108,CA,2568641,,,,totalTestsViral,35027330,22836.0,,4905.0,,,,,B,1/8/2021 02:59,2021-01-08T02:59:00Z,01/07 21:59,28538.0,,2021-01-08T02:59:00Z,35027330,,,2568641.0,,,,,,,,,,,,,,,06,50030,0,2568641,266975,2568641,493,0,2874f60c4998d73e8317eaf9e198a0aaf396e129,0,0,0,0,0,
20210107,CA,2518611,,,,totalTestsViral,34760355,22851.0,,4811.0,,,,,B,1/7/2021 02:59,2021-01-07T02:59:00Z,01/06 21:59,28045.0,,2021-01-07T02:59:00Z,34760355,,,2518611.0,,,,,,,,,,,,,,,06,36385,0,2518611,211734,2518611,583,0,7d12424de6133f9bca8330483c6264313c15b64a,0,0,0,0,0,
20210106,CA,2482226,,,,totalTestsViral,34548621,22820.0,,4731.0,,,,,B,1/6/2021 02:59,2021-01-06T02:59:00Z,01/05 21:59,27462.0,,2021-01-06T02:59:00Z,34548621,,,2482226.0,,,,,,,,,,,,,,,06,29892,0,2482226,217837,2482226,459,0,18cc774baa6407149534322d7f5263c7217d3401,0,0,0,0,0,
20210105,CA,2452334,,,,totalTestsViral,34330784,22485.0,,4734.0,,,,,B,1/5/2021 02:59,2021-01-05T02:59:00Z,01/04 21:59,27003.0,,2021-01-05T02:59:00Z,34330784,,,2452334.0,,,,,,,,,,,,,,,06,31440,0,2452334,203771,2452334,368,0,c7842527e38a661bfccc2a24389e47b679c46cb3,0,0,0,0,0,
20210104,CA,2420894,,,,totalTestsViral,34127013,22003.0,,4671.0,,,,,B,1/4/2021 02:59,2021-01-04T02:59:00Z,01/03 21:59,26635.0,,2021-01-04T02:59:00Z,34127013,,,2420894.0,,,,,,,,,,,,,,,06,29633,0,2420894,314227,2420894,97,0,f72a5a4594ebef66959696a5f59ef2ef427257fc,0,0,0,0,0,
20210103,CA,2391261,,,,totalTestsViral,33812786,21510.0,,4613.0,,,,,B,1/3/2021 02:59,2021-01-03T02:59:00Z,01/02 21:59,26538.0,,2021-01-03T02:59:00Z,33812786,,,2391261.0,,,,,,,,,,,,,,,06,45352,0,2391261,421344,2391261,181,0,c3f2216694b9fdca03c9baabf24ea1782030eede,0,0,0,0,0,
20210102,CA,2345909,,,,totalTestsViral,33391442,21213.0,,4606.0,,,,,B,1/2/2021 02:59,2021-01-02T02:59:00Z,01/01 21:59,26357.0,,2021-01-02T02:59:00Z,33391442,,,2345909.0,,,,,,,,,,,,,,,06,53341,0,2345909,333131,2345909,386,0,5c3add6398150a626794c941b63388601d32d4d3,0,0,0,0,0,
20210101,CA,2292568,,,,totalTestsViral,33058311,21433.0,,4618.0,,,,,B,1/1/2021 02:59,2021-01-01T02:59:00Z,12/31 21:59,25971.0,,2021-01-01T02:59:00Z,33058311,,,2292568.0,,,,,,,,,,,,,,,06,47189,0,2292568,202829,2292568,585,0,07c9332c4a8cdb4bbe504ec0731519b8aefb74a3,0,0,0,0,0,
20201231,CA,2245379,,,,totalTestsViral,32855482,21449.0,,4518.0,,,,,B,12/31/2020 02:59,2020-12-31T02:59:00Z,12/30 21:59,25386.0,,2020-12-31T02:59:00Z,32855482,,,2245379.0,,,,,,,,,,,,,,,06,27237,0,2245379,232406,2245379,428,0,a428b30259dd259df6170c26c68deb2013fe1214,0,0,0,0,0,
20201230,CA,2218142,,,,totalTestsViral,32623076,21433.0,,4478.0,,,,,B,12/30/2020 02:59,2020-12-30T02:59:00Z,12/29 21:59,24958.0,,2020-12-30T02:59:00Z,32623076,,,2218142.0,,,,,,,,,,,,,,,06,30921,0,2218142,248605,2218142,432,0,721d2aed30a2566b9aec108fc423878c6f4cd5a0,0,0,0,0,0,
20201229,CA,2187221,,,,totalTestsViral,32374471,21240.0,,4390.0,,,,,B,12/29/2020 02:59,2020-12-29T02:59:00Z,12/28 21:59,24526.0,,2020-12-29T02:59:00Z,32374471,,,2187221.0,,,,,,,,,,,,,,,06,31245,0,2187221,245955,2187221,242,0,bd3c22dbf48a1073dc9a83bf90947d33fdfe8798,0,0,0,0,0,
20201228,CA,2155976,,,,totalTestsViral,32128516,20642.0,,4360.0,,,,,B,12/28/2020 02:59,2020-12-28T02:59:00Z,12/27 21:59,24284.0,,2020-12-28T02:59:00Z,32128516,,,2155976.0,,,,,,,,,,,,,,,06,33170,0,2155976,301820,2155976,64,0,98c40e1ddc2aa63025dc0dbe3f9a90dd43b603fd,0,0,0,0,0,
20201227,CA,2122806,,,,totalTestsViral,31826696,20059.0,,4214.0,,,,,B,12/27/2020 02:59,2020-12-27T02:59:00Z,12/26 21:59,24220.0,,2020-12-27T02:59:00Z,31826696,,,2122806.0,,,,,,,,,,,,,,,06,50141,0,2122806,380154,2122806,237,0,30a5818fdd9c7e1f62a0b4f3263f6ca5d556df44,0,0,0,0,0,
20201226,CA,2072665,,,,totalTestsViral,31446542,19797.0,,4131.0,,,,,B,12/26/2020 02:59,2020-12-26T02:59:00Z,12/25 21:59,23983.0,,2020-12-26T02:59:00Z,31446542,,,2072665.0,,,,,,,,,,,,,,,06,30375,0,2072665,379681,2072665,36,0,9fecf4f121d655de785dbd49484c5918fa34ff8d,0,0,0,0,0,
20201225,CA,2042290,,,,totalTestsViral,31066861,19771.0,,4035.0,,,,,B,12/25/2020 02:59,2020-12-25T02:59:00Z,12/24 21:59,23947.0,,2020-12-25T02:59:00Z,31066861,,,2042290.0,,,,,,,,,,,,,,,06,39144,0,2042290,297112,2042290,312,0,bbef58951d3c844c6ab725122ea5418a19febc31,0,0,0,0,0,
20201224,CA,2003146,,,,totalTestsViral,30769749,19771.0,,4069.0,,,,,B,12/24/2020 02:59,2020-12-24T02:59:00Z,12/23 21:59,23635.0,,2020-12-24T02:59:00Z,30769749,,,2003146.0,,,,,,,,,,,,,,,06,39070,0,2003146,301189,2003146,351,0,af4d8ddefc147d65d5e8931220d64d1e1faa95cc,0,0,0,0,0,
20201223,CA,1964076,,,,totalTestsViral,30468560,19361.0,,3955.0,,,,,B,12/23/2020 00:00,2020-12-23T00:00:00Z,12/22 19:00,23284.0,,2020-12-23T00:00:00Z,30468560,,,1964076.0,,,,,,,,,,,,,,,06,39069,0,1964076,278378,1964076,361,0,ad5eb058d3292280a5433b7da10d7b8fa22e9ab5,0,0,0,0,0,
20201222,CA,1925007,,,,totalTestsViral,30190182,18961.0,,3861.0,,,,,B,12/22/2020 02:59,2020-12-22T02:59:00Z,12/21 21:59,22923.0,,2020-12-22T02:59:00Z,30190182,,,1925007.0,,,,,,,,,,,,,,,06,32659,0,1925007,329778,1925007,247,0,85e995b4accd4b4265731dbfe0f2f27bc6273f9d,0,0,0,0,0,
20201221,CA,1892348,,,,totalTestsViral,29860404,18359.0,,3756.0,,,,,B,12/21/2020 02:59,2020-12-21T02:59:00Z,12/20 21:59,22676.0,,2020-12-21T02:59:00Z,29860404,,,1892348.0,,,,,,,,,,,,,,,06,37892,0,1892348,395234,1892348,83,0,5dcff9c58201ba7d7e83a9fa3ad300091fa67d62,0,0,0,0,0,
20201220,CA,1854456,,,,totalTestsViral,29465170,17750.0,,3710.0,,,,,B,12/20/2020 02:59,2020-12-20T02:59:00Z,12/19 21:59,22593.0,,2020-12-20T02:59:00Z,29465170,,,1854456.0,,,,,,,,,,,,,,,06,46474,0,1854456,352921,1854456,161,0,f56107ed18ee062fc618e9089c33076030d499fc,0,0,0,0,0,
20201219,CA,1807982,,,,totalTestsViral,29112249,17398.0,,3620.0,,,,,B,12/19/2020 02:59,2020-12-19T02:59:00Z,12/18 21:59,22432.0,,2020-12-19T02:59:00Z,29112249,,,1807982.0,,,,,,,,,,,,,,,06,43608,0,1807982,371222,1807982,272,0,0e22ee1cc0969704974b0e7d175182110d34497a,0,0,0,0,0,
20201218,CA,1764374,,,,totalTestsViral,28741027,16965.0,,3553.0,,,,,B,12/18/2020 02:59,2020-12-18T02:59:00Z,12/17 21:59,22160.0,,2020-12-18T02:59:00Z,28741027,,,1764374.0,,,,,,,,,,,,,,,06,41012,0,1764374,284669,1764374,300,0,5f2c5e44da2ee57b9dfce83e9db75d23aac2e26d,0,0,0,0,0,
20201217,CA,1723362,,,,totalTestsViral,28456358,16426.0,,3392.0,,,,,B,12/17/2020 02:59,2020-12-17T02:59:00Z,12/16 21:59,21860.0,,2020-12-17T02:59:00Z,28456358,,,1723362.0,,,,,,,,,,,,,,,06,52281,0,1723362,306768,1723362,379,0,f7c7932c0234d9e0b5c171e0e48f3602465ce435,0,0,0,0,0,
20201216,CA,1671081,,,,totalTestsViral,28149590,15886.0,,3297.0,,,,,B,12/16/2020 02:59,2020-12-16T02:59:00Z,12/15 21:59,21481.0,,2020-12-16T02:59:00Z,28149590,,,1671081.0,,,,,,,,,,,,,,,06,53711,0,1671081,304524,1671081,293,0,3def51ef82e05c0562fccd0150f3dc70aa8575d3,0,0,0,0,0,
20201215,CA,1617370,,,,totalTestsViral,27845066,15198.0,,3193.0,,,,,B,12/15/2020 02:59,2020-12-15T02:59:00Z,12/14 21:59,21188.0,,2020-12-15T02:59:00Z,27845066,,,1617370.0,,,,,,,,,,,,,,,06,32326,0,1617370,293027,1617370,142,0,d768610218b047269b910737e8dddc0079df90c5,0,0,0,0,0,
20201214,CA,1585044,,,,totalTestsViral,27552039,14578.0,,3078.0,,,,,B,12/14/2020 02:59,2020-12-14T02:59:00Z,12/13 21:59,21046.0,,2020-12-14T02:59:00Z,27552039,,,1585044.0,,,,,,,,,,,,,,,06,33278,0,1585044,356452,1585044,77,0,69873171e35a3df6176d228a6f7e97d0008d7140,0,0,0,0,0,
20201213,CA,1551766,,,,totalTestsViral,27195587,13960.0,,2937.0,,,,,B,12/13/2020 02:59,2020-12-13T02:59:00Z,12/12 21:59,20969.0,,2020-12-13T02:59:00Z,27195587,,,1551766.0,,,,,,,,,,,,,,,06,30334,0,1551766,309457,1551766,122,0,7c1ebdf51a5220207fed6ad5015bd3913fc396f9,0,0,0,0,0,
20201212,CA,1521432,,,,totalTestsViral,26886130,13410.0,,2866.0,,,,,B,12/12/2020 02:59,2020-12-12T02:59:00Z,12/11 21:59,20847.0,,2020-12-12T02:59:00Z,26886130,,,1521432.0,,,,,,,,,,,,,,,06,35729,0,1521432,313787,1521432,225,0,e6c419350bccd11142854d114b841d5cf8d86213,0,0,0,0,0,
20201211,CA,1485703,,,,totalTestsViral,26572343,12940.0,,2773.0,,,,,B,12/11/2020 02:59,2020-12-11T02:59:00Z,12/10 21:59,20622.0,,2020-12-11T02:59:00Z,26572343,,,1485703.0,,,,,,,,,,,,,,,06,35468,0,1485703,248011,1485703,159,0,ad86fcf2cba7359c94b2e1387130a048dd0f3279,0,0,0,0,0,
20201210,CA,1450235,,,,totalTestsViral,26324332,12477.0,,2710.0,,,,,B,12/10/2020 02:59,2020-12-10T02:59:00Z,12/09 21:59,20463.0,,2020-12-10T02:59:00Z,26324332,,,1450235.0,,,,,,,,,,,,,,,06,29677,0,1450235,282261,1450235,220,0,a4ac692ccd0ee8cce123fea83fdbe676f01eb32d,0,0,0,0,0,
20201209,CA,1420558,,,,totalTestsViral,26042071,11965.0,,2627.0,,,,,B,12/9/2020 02:59,2020-12-09T02:59:00Z,12/08 21:59,20243.0,,2020-12-09T02:59:00Z,26042071,,,1420558.0,,,,,,,,,,,,,,,06,30851,0,1420558,252296,1420558,196,0,378707e577442786fc29458d10e959dae45e7aaa,0,0,0,0,0,
20201208,CA,1389707,,,,totalTestsViral,25789775,11511.0,,2526.0,,,,,B,12/8/2020 02:59,2020-12-08T02:59:00Z,12/07 21:59,20047.0,,2020-12-08T02:59:00Z,25789775,,,1389707.0,,,,,,,,,,,,,,,06,23272,0,1389707,296424,1389707,112,0,08a5ed517ecf96e8afa163c97f2f5fc570673194,0,0,0,0,0,
20201207,CA,1366435,,,,totalTestsViral,25493351,10998.0,,2470.0,,,,,B,12/7/2020 02:59,2020-12-07T02:59:00Z,12/06 21:59,19935.0,,2020-12-07T02:59:00Z,25493351,,,1366435.0,,,,,,,,,,,,,,,06,24735,0,1366435,298305,1366435,59,0,28173eb94a245a6197eb713696c75656c5fec986,0,0,0,0,0,
20201206,CA,1341700,,,,totalTestsViral,25195046,10624.0,,2393.0,,,,,B,12/6/2020 02:59,2020-12-06T02:59:00Z,12/05 21:59,19876.0,,2020-12-06T02:59:00Z,25195046,,,1341700.0,,,,,,,,,,,,,,,06,30075,0,1341700,293071,1341700,85,0,ae5e48944188d8d8ef63557c96aa928c9b7be454,0,0,0,0,0,
20201205,CA,1311625,,,,totalTestsViral,24901975,10273.0,,2265.0,,,,,B,12/5/2020 02:59,2020-12-05T02:59:00Z,12/04 21:59,19791.0,,2020-12-05T02:59:00Z,24901975,,,1311625.0,,,,,,,,,,,,,,,06,25068,0,1311625,226497,1311625,209,0,758b4d8759343d6e94c51a970189a631217edeef,0,0,0,0,0,
20201204,CA,1286557,,,,totalTestsViral,24675478,9948.0,,2248.0,,,,,B,12/4/2020 02:59,2020-12-04T02:59:00Z,12/03 21:59,19582.0,,2020-12-04T02:59:00Z,24675478,,,1286557.0,,,,,,,,,,,,,,,06,22018,0,1286557,200836,1286557,145,0,828e9fd1f63537b947c40a21312469ca0c109501,0,0,0,0,0,
20201203,CA,1264539,,,,totalTestsViral,24474642,9702.0,,2147.0,,,,,B,12/3/2020 02:59,2020-12-03T02:59:00Z,12/02 21:59,19437.0,,2020-12-03T02:59:00Z,24474642,,,1264539.0,,,,,,,,,,,,,,,06,18591,0,1264539,175516,1264539,113,0,b1e0e6690d1f2a25b9dbb4ec6fe7a2bf8e99dccd,0,0,0,0,0,
20201202,CA,1245948,,,,totalTestsViral,24299126,9365.0,,2121.0,,,,,B,12/2/2020 02:59,2020-12-02T02:59:00Z,12/01 21:59,19324.0,,2020-12-02T02:59:00Z,24299126,,,1245948.0,,,,,,,,,,,,,,,06,20759,0,1245948,137813,1245948,113,0,e27b8308c46de4721b7e425dab1ce47e730855ad,0,0,0,0,0,
20201201,CA,1225189,,,,totalTestsViral,24161313,9049.0,,2000.0,,,,,B,12/1/2020 02:59,2020-12-01T02:59:00Z,11/30 21:59,19211.0,,2020-12-01T02:59:00Z,24161313,,,1225189.0,,,,,,,,,,,,,,,06,12221,0,1225189,136142,1225189,70,0,743f5eb486583d6c07002a161777b207c4ff3421,0,0,0,0,0,
20201130,CA,1212968,,,,totalTestsViral,24025171,8578.0,,1919.0,,,,,B,11/30/2020 02:59,2020-11-30T02:59:00Z,11/29 21:59,19141.0,,2020-11-30T02:59:00Z,24025171,,,1212968.0,,,,,,,,,,,,,,,06,14034,0,1212968,217670,1212968,20,0,5d45549781cb43e608ef2b0b85c4938ebe8ca60b,0,0,0,0,0,
20201129,CA,1198934,,,,totalTestsViral,23807501,8198.0,,1823.0,,,,,B,11/29/2020 02:59,2020-11-29T02:59:00Z,11/28 21:59,19121.0,,2020-11-29T02:59:00Z,23807501,,,1198934.0,,,,,,,,,,,,,,,06,15614,0,1198934,234319,1198934,32,0,31ea874c958b0c37c6e46e2010b942ef9cad45d8,0,0,0,0,0,
20201128,CA,1183320,,,,totalTestsViral,23573182,7684.0,,1763.0,,,,,B,11/28/2020 02:59,2020-11-28T02:59:00Z,11/27 21:59,19089.0,,2020-11-28T02:59:00Z,23573182,,,1183320.0,,,,,,,,,,,,,,,06,11996,0,1183320,257264,1183320,56,0,9d0219e1aff180bcbc8898da2b9057bc8eeaedd6,0,0,0,0,0,
20201127,CA,1171324,,,,totalTestsViral,23315918,7388.0,,1726.0,,,,,B,11/27/2020 02:59,2020-11-27T02:59:00Z,11/26 21:59,19033.0,,2020-11-27T02:59:00Z,23315918,,,1171324.0,,,,,,,,,,,,,,,06,12635,0,1171324,219173,1171324,54,0,9629f4b48600cdc321597c322935f73c52027e26,0,0,0,0,0,
20201126,CA,1158689,,,,totalTestsViral,23096745,7197.0,,1617.0,,,,,B,11/26/2020 02:59,2020-11-26T02:59:00Z,11/25 21:59,18979.0,,2020-11-26T02:59:00Z,23096745,,,1158689.0,,,,,,,,,,,,,,,06,14640,0,1158689,186394,1158689,104,0,03e5d449c27b065fbd2a7c012b5d5107fdb0e256,0,0,0,0,0,
20201125,CA,1144049,,,,totalTestsViral,22910351,7049.0,,1551.0,,,,,B,11/25/2020 02:59,2020-11-25T02:59:00Z,11/24 21:59,18875.0,,2020-11-25T02:59:00Z,22910351,,,1144049.0,,,,,,,,,,,,,,,06,18350,0,1144049,168988,1144049,106,0,e979ebd8d9470fb3923463649f097867d0c6ff64,0,0,0,0,0,
20201124,CA,1125699,,,,totalTestsViral,22741363,6641.0,,1514.0,,,,,B,11/24/2020 02:59,2020-11-24T02:59:00Z,11/23 21:59,18769.0,,2020-11-24T02:59:00Z,22741363,,,1125699.0,,,,,,,,,,,,,,,06,15329,0,1125699,283819,1125699,43,0,c055a98ab6fccb6886af74a58d2f2dfef9c0ab5b,0,0,0,0,0,
20201123,CA,1110370,,,,totalTestsViral,22457544,6254.0,,1455.0,,,,,B,11/23/2020 02:59,2020-11-23T02:59:00Z,11/22 21:59,18726.0,,2020-11-23T02:59:00Z,22457544,,,1110370.0,,,,,,,,,,,,,,,06,8337,0,1110370,220235,1110370,50,0,90bd1186dcc774147496e461c643cdf16e9a5ed2,0,0,0,0,0,
20201122,CA,1102033,,,,totalTestsViral,22237309,5918.0,,1390.0,,,,,B,11/22/2020 02:59,2020-11-22T02:59:00Z,11/21 21:59,18676.0,,2020-11-22T02:59:00Z,22237309,,,1102033.0,,,,,,,,,,,,,,,06,14319,0,1102033,265477,1102033,33,0,81fff3478ddc81f8f90763dd6f7b161dbfaf558f,0,0,0,0,0,
20201121,CA,1087714,,,,totalTestsViral,21971832,5745.0,,1332.0,,,,,B,11/21/2020 02:59,2020-11-21T02:59:00Z,11/20 21:59,18643.0,,2020-11-21T02:59:00Z,21971832,,,1087714.0,,,,,,,,,,,,,,,06,15442,0,1087714,241281,1087714,86,0,943d19cc55bb7bd5ebed110d983663b0eb78b64b,0,0,0,0,0,
20201120,CA,1072272,,,,totalTestsViral,21730551,5497.0,,1332.0,,,,,B,11/20/2020 02:59,2020-11-20T02:59:00Z,11/19 21:59,18557.0,,2020-11-20T02:59:00Z,21730551,,,1072272.0,,,,,,,,,,,,,,,06,13005,0,1072272,178023,1072272,91,0,d9aefb2da0c27060da10f65edfebcf39fdcd85ad,0,0,0,0,0,
20201119,CA,1059267,,,,totalTestsViral,21552528,5319.0,,1253.0,,,,,B,11/19/2020 02:59,2020-11-19T02:59:00Z,11/18 21:59,18466.0,,2020-11-19T02:59:00Z,21552528,,,1059267.0,,,,,,,,,,,,,,,06,11478,0,1059267,133985,1059267,106,0,157157640daedd513939511694b44b74400a36bb,0,0,0,0,0,
20201118,CA,1047789,,,,totalTestsViral,21418543,5078.0,,1258.0,,,,,B,11/18/2020 02:59,2020-11-18T02:59:00Z,11/17 21:59,18360.0,,2020-11-18T02:59:00Z,21418543,,,1047789.0,,,,,,,,,,,,,,,06,9811,0,1047789,159467,1047789,61,0,d30109f820e77d5b13413cfabecff0f9402fca54,0,0,0,0,0,
20201117,CA,1037978,,,,totalTestsViral,21259076,4885.0,,1206.0,,,,,B,11/17/2020 02:59,2020-11-17T02:59:00Z,11/16 21:59,18299.0,,2020-11-17T02:59:00Z,21259076,,,1037978.0,,,,,,,,,,,,,,,06,8743,0,1037978,190182,1037978,36,0,4bbf5b28763187fd821915b974cb7939b880afe5,0,0,0,0,0,
20201116,CA,1029235,,,,totalTestsViral,21068894,4559.0,,1131.0,,,,,B,11/16/2020 02:59,2020-11-16T02:59:00Z,11/15 21:59,18263.0,,2020-11-16T02:59:00Z,21068894,,,1029235.0,,,,,,,,,,,,,,,06,9890,0,1029235,202109,1029235,10,0,4e024a88ead2614e2cb99dd8bc95b21c2f34c792,0,0,0,0,0,
20201115,CA,1019345,,,,totalTestsViral,20866785,4454.0,,1094.0,,,,,B,11/15/2020 02:59,2020-11-15T02:59:00Z,11/14 21:59,18253.0,,2020-11-15T02:59:00Z,20866785,,,1019345.0,,,,,,,,,,,,,,,06,10968,0,1019345,195189,1019345,35,0,c83286e76cd37986a692c93af4e87313f6e0cb3a,0,0,0,0,0,
20201114,CA,1008377,,,,totalTestsViral,20671596,4212.0,,1024.0,,,,,B,11/14/2020 02:59,2020-11-14T02:59:00Z,11/13 21:59,18218.0,,2020-11-14T02:59:00Z,20671596,,,1008377.0,,,,,,,,,,,,,,,06,9875,0,1008377,193096,1008377,81,0,84cc579298e126abb3a624512c894d0672631c6b,0,0,0,0,0,
20201113,CA,998502,,,,totalTestsViral,20478500,4138.0,,1031.0,,,,,B,11/13/2020 02:59,2020-11-13T02:59:00Z,11/12 21:59,18137.0,,2020-11-13T02:59:00Z,20478500,,,998502.0,,,,,,,,,,,,,,,06,6893,0,998502,136428,998502,29,0,f62901105b74210af49bf57b1a7508dcd3130a67,0,0,0,0,0,
20201112,CA,991609,,,,totalTestsViral,20342072,4002.0,,1010.0,,,,,B,11/12/2020 02:59,2020-11-12T02:59:00Z,11/11 21:59,18108.0,,2020-11-12T02:59:00Z,20342072,,,991609.0,,,,,,,,,,,,,,,06,6927,0,991609,119979,991609,38,0,f1609a86caf8fe153a3fdbc714ad15a0e134cad2,0,0,0,0,0,
20201111,CA,984682,,,,totalTestsViral,20222093,3987.0,,1006.0,,,,,B,11/11/2020 02:59,2020-11-11T02:59:00Z,11/10 21:59,18070.0,,2020-11-11T02:59:00Z,20222093,,,984682.0,,,,,,,,,,,,,,,06,7464,0,984682,127452,984682,69,0,14df86570785b67c48c14436a7d5c5ba5f9f51d8,0,0,0,0,0,
20201110,CA,977218,,,,totalTestsViral,20094641,3799.0,,984.0,,,,,B,11/10/2020 02:59,2020-11-10T02:59:00Z,11/09 21:59,18001.0,,2020-11-10T02:59:00Z,20094641,,,977218.0,,,,,,,,,,,,,,,06,5367,0,977218,176162,977218,24,0,bfd76004195af46433ab3bc61a98c90408be9e12,0,0,0,0,0,
20201109,CA,971851,,,,totalTestsViral,19918479,3668.0,,941.0,,,,,B,11/9/2020 02:59,2020-11-09T02:59:00Z,11/08 21:59,17977.0,,2020-11-09T02:59:00Z,19918479,,,971851.0,,,,,,,,,,,,,,,06,7212,0,971851,193851,971851,14,0,9cdfc53c0bfaec0079b87365db100870eab1b50b,0,0,0,0,0,
20201108,CA,964639,,,,totalTestsViral,19724628,3554.0,,910.0,,,,,B,11/8/2020 02:59,2020-11-08T02:59:00Z,11/07 21:59,17963.0,,2020-11-08T02:59:00Z,19724628,,,964639.0,,,,,,,,,,,,,,,06,7682,0,964639,159477,964639,24,0,4d8f0779f6c1cb39dad500538d39cff6c382fd9f,0,0,0,0,0,
20201107,CA,956957,,,,totalTestsViral,19565151,3456.0,,901.0,,,,,B,11/7/2020 02:59,2020-11-07T02:59:00Z,11/06 21:59,17939.0,,2020-11-07T02:59:00Z,19565151,,,956957.0,,,,,,,,,,,,,,,06,5863,0,956957,168802,956957,73,0,4018d085070e6be1aa5eefb4baaa6f64a49795a8,0,0,0,0,0,
20201106,CA,951094,,,,totalTestsViral,19396349,3489.0,,923.0,,,,,B,11/6/2020 02:59,2020-11-06T02:59:00Z,11/05 21:59,17866.0,,2020-11-06T02:59:00Z,19396349,,,951094.0,,,,,,,,,,,,,,,06,6518,0,951094,129986,951094,51,0,6f6fd1d1b6d20eb829edde8b92bbde988f44f66e,0,0,0,0,0,
20201105,CA,944576,,,,totalTestsViral,19266363,3462.0,,922.0,,,,,B,11/5/2020 02:59,2020-11-05T02:59:00Z,11/04 21:59,17815.0,,2020-11-05T02:59:00Z,19266363,,,944576.0,,,,,,,,,,,,,,,06,4566,0,944576,85351,944576,63,0,2287582ae8f258d7365236e3f22e3996213700a7,0,0,0,0,0,
20201104,CA,940010,,,,totalTestsViral,19181012,3410.0,,901.0,,,,,B,11/4/2020 02:59,2020-11-04T02:59:00Z,11/03 21:59,17752.0,,2020-11-04T02:59:00Z,19181012,,,940010.0,,,,,,,,,,,,,,,06,5338,0,940010,106091,940010,66,0,715c16fea0f702529863a4879edbc9bec48d7c5b,0,0,0,0,0,
20201103,CA,934672,,,,totalTestsViral,19074921,3270.0,,840.0,,,,,B,11/3/2020 02:59,2020-11-03T02:59:00Z,11/02 21:59,17686.0,,2020-11-03T02:59:00Z,19074921,,,934672.0,,,,,,,,,,,,,,,06,4044,0,934672,162420,934672,14,0,215c63eed0456c8a3d3af822817f97dcb1347837,0,0,0,0,0,
20201102,CA,930628,,,,totalTestsViral,18912501,3241.0,,823.0,,,,,B,11/2/2020 02:59,2020-11-02T02:59:00Z,11/01 21:59,17672.0,,2020-11-02T02:59:00Z,18912501,,,930628.0,,,,,,,,,,,,,,,06,4094,0,930628,169186,930628,5,0,aa6527ca3399d1b1375f4ef3526397fb17ba107b,0,0,0,0,0,
20201101,CA,926534,,,,totalTestsViral,18743315,3193.0,,791.0,,,,,B,11/1/2020 02:59,2020-11-01T02:59:00Z,10/31 22:59,17667.0,,2020-11-01T02:59:00Z,18743315,,,926534.0,,,,,,,,,,,,,,,06,4529,0,926534,140998,926534,41,0,c9e4c73068a1f038f9347bd0c7aea2be3a1554a0,0,0,0,0,0,
20201031,CA,922005,,,,totalTestsViral,18602317,3212.0,,771.0,,,,,B,10/31/2020 02:59,2020-10-31T02:59:00Z,10/30 22:59,17626.0,,2020-10-31T02:59:00Z,18602317,,,922005.0,,,,,,,,,,,,,,,06,5087,0,922005,157794,922005,55,0,e3710deed0cd4fdf8822850fe4476ed993907266,0,0,0,0,0,
20201030,CA,916918,,,,totalTestsViral,18444523,3148.0,,772.0,,,,,B,10/30/2020 02:59,2020-10-30T02:59:00Z,10/29 22:59,17571.0,,2020-10-30T02:59:00Z,18444523,,,916918.0,,,,,,,,,,,,,,,06,4014,0,916918,120752,916918,30,0,7c6a654ef52a7f93a5c7175020baa1dadac9237e,0,0,0,0,0,
20201029,CA,912904,,,,totalTestsViral,18323771,3083.0,,768.0,,,,,B,10/29/2020 02:59,2020-10-29T02:59:00Z,10/28 22:59,17541.0,,2020-10-29T02:59:00Z,18323771,,,912904.0,,,,,,,,,,,,,,,06,4191,0,912904,100175,912904,66,0,eb3d7cf4da449daecdff976076441e5082672b0c,0,0,0,0,0,
20201028,CA,908713,,,,totalTestsViral,18223596,2998.0,,770.0,,,,,B,10/28/2020 02:59,2020-10-28T02:59:00Z,10/27 22:59,17475.0,,2020-10-28T02:59:00Z,18223596,,,908713.0,,,,,,,,,,,,,,,06,4515,0,908713,96547,908713,75,0,190e26c3a68aba35be4bc0b13624aa7b28c8afd5,0,0,0,0,0,
20201027,CA,904198,,,,totalTestsViral,18127049,3000.0,,774.0,,,,,B,10/27/2020 02:59,2020-10-27T02:59:00Z,10/26 22:59,17400.0,,2020-10-27T02:59:00Z,18127049,,,904198.0,,,,,,,,,,,,,,,06,3188,0,904198,144220,904198,43,0,07778a2aeb83bb766b16691a1251e8ba5a36e860,0,0,0,0,0,
20201026,CA,901010,,,,totalTestsViral,17982829,2991.0,,735.0,,,,,B,10/26/2020 02:59,2020-10-26T02:59:00Z,10/25 22:59,17357.0,,2020-10-26T02:59:00Z,17982829,,,901010.0,,,,,,,,,,,,,,,06,2981,0,901010,194944,901010,12,0,0841694e6e6720fe7e0201471e418fa739e5fde4,0,0,0,0,0,
20201025,CA,898029,,,,totalTestsViral,17787885,2969.0,,722.0,,,,,B,10/25/2020 02:59,2020-10-25T02:59:00Z,10/24 22:59,17345.0,,2020-10-25T02:59:00Z,17787885,,,898029.0,,,,,,,,,,,,,,,06,5219,0,898029,178706,898029,34,0,e8c1ba1be74f751e727908ac67c457675b765d93,0,0,0,0,0,
20201024,CA,892810,,,,totalTestsViral,17609179,3007.0,,744.0,,,,,B,10/24/2020 02:59,2020-10-24T02:59:00Z,10/23 22:59,17311.0,,2020-10-24T02:59:00Z,17609179,,,892810.0,,,,,,,,,,,,,,,06,5945,0,892810,125886,892810,49,0,82525d5a623dc706fbfaf86418bd7af0c0a70276,0,0,0,0,0,
20201023,CA,886865,,,,totalTestsViral,17483293,3011.0,,754.0,,,,,B,10/23/2020 02:59,2020-10-23T02:59:00Z,10/22 22:59,17262.0,,2020-10-23T02:59:00Z,17483293,,,886865.0,,,,,,,,,,,,,,,06,6141,0,886865,124523,886865,73,0,ae7ff445928f8819f4c517fdf1cc90ea1f833f80,0,0,0,0,0,
20201022,CA,880724,,,,totalTestsViral,17358770,3051.0,,758.0,,,,,B,10/22/2020 02:59,2020-10-22T02:59:00Z,10/21 22:59,17189.0,,2020-10-22T02:59:00Z,17358770,,,880724.0,,,,,,,,,,,,,,,06,2940,0,880724,65631,880724,162,0,ffb68c123ad636bc59fde68560201778171045eb,0,0,0,0,0,
20201021,CA,877784,,,,totalTestsViral,17293139,3077.0,,763.0,,,,,B,10/21/2020 02:59,2020-10-21T02:59:00Z,10/20 22:59,17027.0,,2020-10-21T02:59:00Z,17293139,,,877784.0,,,,,,,,,,,,,,,06,3707,0,877784,104069,877784,35,0,027091f88681831b3e096bc33828676f176d7a2c,0,0,0,0,0,
20201020,CA,874077,,,,totalTestsViral,17189070,3104.0,,781.0,,,,,B,10/20/2020 02:59,2020-10-20T02:59:00Z,10/19 22:59,16992.0,,2020-10-20T02:59:00Z,17189070,,,874077.0,,,,,,,,,,,,,,,06,3286,0,874077,146662,874077,22,0,ef0650ee5f5fddf303590335230aa4cf3fd8db57,0,0,0,0,0,
20201019,CA,870791,,,,totalTestsViral,17042408,3002.0,,758.0,,,,,B,10/19/2020 02:59,2020-10-19T02:59:00Z,10/18 22:59,16970.0,,2020-10-19T02:59:00Z,17042408,,,870791.0,,,,,,,,,,,,,,,06,3474,0,870791,150346,870791,27,0,10fd6002fbbc49fd38d085bf9e33c370cbb62572,0,0,0,0,0,
20201018,CA,867317,,,,totalTestsViral,16892062,3020.0,,727.0,,,,,B,10/18/2020 02:59,2020-10-18T02:59:00Z,10/17 22:59,16943.0,,2020-10-18T02:59:00Z,16892062,,,867317.0,,,,,,,,,,,,,,,06,2862,0,867317,135351,867317,44,0,fa48c3e469f9d198c8d65a7c3d07733f1e0c0b71,0,0,0,0,0,
20201017,CA,864455,,,,totalTestsViral,16756711,2995.0,,743.0,,,,,B,10/17/2020 02:59,2020-10-17T02:59:00Z,10/16 22:59,16899.0,,2020-10-17T02:59:00Z,16756711,,,864455.0,,,,,,,,,,,,,,,06,2979,0,864455,134755,864455,69,0,a7943fcb1b26cd5d17ab1bbd8b06a2143077c5c1,0,0,0,0,0,
20201016,CA,861476,,,,totalTestsViral,16621956,3035.0,,713.0,,,,,B,10/16/2020 02:59,2020-10-16T02:59:00Z,10/15 22:59,16830.0,,2020-10-16T02:59:00Z,16621956,,,861476.0,,,,,,,,,,,,,,,06,3075,0,861476,104144,861476,73,0,970de795155f43c1282a678889cba67540b4ea6b,0,0,0,0,0,
20201015,CA,858401,,,,totalTestsViral,16517812,3078.0,,706.0,,,,,B,10/15/2020 02:59,2020-10-15T02:59:00Z,10/14 22:59,16757.0,,2020-10-15T02:59:00Z,16517812,,,858401.0,,,,,,,,,,,,,,,06,3329,0,858401,92325,858401,118,0,328d7f1c3eb19286b002fc62eb4765f2cb3b18a1,0,0,0,0,0,
20201014,CA,855072,,,,totalTestsViral,16425487,3126.0,,753.0,,,,,B,10/14/2020 02:59,2020-10-14T02:59:00Z,10/13 22:59,16639.0,,2020-10-14T02:59:00Z,16425487,,,855072.0,,,,,,,,,,,,,,,06,2666,0,855072,91770,855072,58,0,f67761a3a0bb52db6bdf94e9d3faa10a7c114358,0,0,0,0,0,
20201013,CA,852406,,,,totalTestsViral,16333717,3060.0,,748.0,,,,,B,10/13/2020 02:59,2020-10-13T02:59:00Z,10/12 22:59,16581.0,,2020-10-13T02:59:00Z,16333717,,,852406.0,,,,,,,,,,,,,,,06,2378,0,852406,142376,852406,9,0,cdf027d820ad9d36ad369f6c023531f6889bdacd,0,0,0,0,0,
20201012,CA,850028,,,,totalTestsViral,16191341,3070.0,,736.0,,,,,B,10/12/2020 02:59,2020-10-12T02:59:00Z,10/11 22:59,16572.0,,2020-10-12T02:59:00Z,16191341,,,850028.0,,,,,,,,,,,,,,,06,3449,0,850028,144337,850028,8,0,d0e5800d6757f0e946e4346f1e18370be5bc9f51,0,0,0,0,0,
20201011,CA,846579,,,,totalTestsViral,16047004,3103.0,,735.0,,,,,B,10/11/2020 02:59,2020-10-11T02:59:00Z,10/10 22:59,16564.0,,2020-10-11T02:59:00Z,16047004,,,846579.0,,,,,,,,,,,,,,,06,3803,0,846579,168559,846579,64,0,c4a9ce526c177c27a78cee84081ec31750c51dcf,0,0,0,0,0,
20201010,CA,842776,,,,totalTestsViral,15878445,3084.0,,732.0,,,,,B,10/10/2020 02:59,2020-10-10T02:59:00Z,10/09 22:59,16500.0,,2020-10-10T02:59:00Z,15878445,,,842776.0,,,,,,,,,,,,,,,06,4170,0,842776,141948,842776,72,0,2fcb75afdfd08990a04d22cc8f8b4e26f0e7bfef,0,0,0,0,0,
20201009,CA,838606,,,,totalTestsViral,15736497,3186.0,,742.0,,,,,B,10/9/2020 02:59,2020-10-09T02:59:00Z,10/08 22:59,16428.0,,2020-10-09T02:59:00Z,15736497,,,838606.0,,,,,,,,,,,,,,,06,3806,0,838606,112874,838606,67,0,aedc35d26fb977b615424554ba2de9589930ad8b,0,0,0,0,0,
20201008,CA,834800,,,,totalTestsViral,15623623,3186.0,,754.0,,,,,B,10/8/2020 02:59,2020-10-08T02:59:00Z,10/07 22:59,16361.0,,2020-10-08T02:59:00Z,15623623,,,834800.0,,,,,,,,,,,,,,,06,3575,0,834800,66917,834800,133,0,2bc8c300b936787f2a36216f7e558747d499c99c,0,0,0,0,0,
20201007,CA,831225,,,,totalTestsViral,15556706,3204.0,,797.0,,,,,B,10/7/2020 02:59,2020-10-07T02:59:00Z,10/06 22:59,16228.0,,2020-10-07T02:59:00Z,15556706,,,831225.0,,,,,,,,,,,,,,,06,2764,0,831225,126285,831225,51,0,dbcbf11fdef630c819504b0e9b81d969a68efa02,0,0,0,0,0,
20201006,CA,828461,,,,totalTestsViral,15430421,3175.0,,809.0,,,,,B,10/6/2020 02:59,2020-10-06T02:59:00Z,10/05 22:59,16177.0,,2020-10-06T02:59:00Z,15430421,,,828461.0,,,,,,,,,,,,,,,06,1677,0,828461,128740,828461,28,0,2cfcc65f36d3efc5f1b7fcc8c5ac75c888204c61,0,0,0,0,0,
20201005,CA,826784,,,,totalTestsViral,15301681,3146.0,,805.0,,,,,B,10/5/2020 02:59,2020-10-05T02:59:00Z,10/04 22:59,16149.0,,2020-10-05T02:59:00Z,15301681,,,826784.0,,,,,,,,,,,,,,,06,3055,0,826784,141394,826784,29,0,37dd5965b87ff84847501849bc93edf5d1ae0be0,0,0,0,0,0,
20201004,CA,823729,,,,totalTestsViral,15160287,3129.0,,787.0,,,,,B,10/4/2020 02:59,2020-10-04T02:59:00Z,10/03 22:59,16120.0,,2020-10-04T02:59:00Z,15160287,,,823729.0,,,,,,,,,,,,,,,06,4293,0,823729,161399,823729,46,0,8f8ffd8ba3d0114d3d7352ab004ba93f3261dff3,0,0,0,0,0,
20201003,CA,819436,,,,totalTestsViral,14998888,3079.0,,787.0,,,,,B,10/3/2020 02:59,2020-10-03T02:59:00Z,10/02 22:59,16074.0,,2020-10-03T02:59:00Z,14998888,,,819436.0,,,,,,,,,,,,,,,06,2159,0,819436,130457,819436,88,0,1ce7dca21e5bfe927b7ec2130142bf2264fa89a0,0,0,0,0,0,
20201002,CA,817277,,,,totalTestsViral,14868431,3166.0,,796.0,,,,,B,10/2/2020 02:59,2020-10-02T02:59:00Z,10/01 22:59,15986.0,,2020-10-02T02:59:00Z,14868431,,,817277.0,,,,,,,,,,,,,,,06,3590,0,817277,96580,817277,98,0,f43c1061c92304a810102a1bbd2c86ca11cd4cee,0,0,0,0,0,
20201001,CA,813687,,,,totalTestsViral,14771851,3205.0,,817.0,,,,,B,10/1/2020 02:59,2020-10-01T02:59:00Z,09/30 22:59,15888.0,,2020-10-01T02:59:00Z,14771851,,,813687.0,,,,,,,,,,,,,,,06,3062,0,813687,66649,813687,96,0,d5889cf18c134ef4aec9b17027d2306a9da06db1,0,0,0,0,0,
20200930,CA,810625,,,,totalTestsViral,14705202,3267.0,,830.0,,,,,B,9/30/2020 02:59,2020-09-30T02:59:00Z,09/29 22:59,15792.0,,2020-09-30T02:59:00Z,14705202,,,810625.0,,,,,,,,,,,,,,,06,3200,0,810625,91657,810625,152,0,b1d8416016265a93529c8f045d646d54c42a1bb4,0,0,0,0,0,
20200929,CA,807425,,,,totalTestsViral,14613545,3223.0,,828.0,,,,,B,9/29/2020 02:59,2020-09-29T02:59:00Z,09/28 22:59,15640.0,,2020-09-29T02:59:00Z,14613545,,,807425.0,,,,,,,,,,,,,,,06,2162,0,807425,128693,807425,32,0,b59706acc38ff5a1f46fd114fd263c8408e185e3,0,0,0,0,0,
20200928,CA,805263,,,,totalTestsViral,14484852,3160.0,,831.0,,,,,B,9/28/2020 02:59,2020-09-28T02:59:00Z,09/27 22:59,15608.0,,2020-09-28T02:59:00Z,14484852,,,805263.0,,,,,,,,,,,,,,,06,2955,0,805263,151354,805263,21,0,2035efe34d09587a1e36ac49b1bb169e9c5be2b8,0,0,0,0,0,
20200927,CA,802308,,,,totalTestsViral,14333498,3129.0,,892.0,,,,,B,9/27/2020 02:59,2020-09-27T02:59:00Z,09/26 22:59,15587.0,,2020-09-27T02:59:00Z,14333498,,,802308.0,,,,,,,,,,,,,,,06,4071,0,802308,150768,802308,55,0,78a8a5c8cbb7a4bf5015e253c1a294b1f251f84c,0,0,0,0,0,
20200926,CA,798237,,,,totalTestsViral,14182730,3203.0,,862.0,,,,,B,9/26/2020 02:59,2020-09-26T02:59:00Z,09/25 22:59,15532.0,,2020-09-26T02:59:00Z,14182730,,,798237.0,,,,,,,,,,,,,,,06,4197,0,798237,130483,798237,134,0,aed1aa55223c9d628abcf417ca0151809bfd395c,0,0,0,0,0,
20200925,CA,794040,,,,totalTestsViral,14052247,3307.0,,899.0,,,,,B,9/24/2020 02:59,2020-09-24T02:59:00Z,09/23 22:59,15398.0,,2020-09-24T02:59:00Z,14052247,,,794040.0,,,,,,,,,,,,,,,06,3400,0,794040,99390,794040,84,0,b8a6d9eff51efdcfb8f8bb18cb9e33e4eaeb84b9,0,0,0,0,0,
20200924,CA,790640,,,,totalTestsViral,13952857,3484.0,,914.0,,,,,B,9/24/2020 02:59,2020-09-24T02:59:00Z,09/23 22:59,15314.0,,2020-09-24T02:59:00Z,13952857,,,790640.0,,,,,,,,,,,,,,,06,3170,0,790640,73434,790640,110,0,43bf9a340ab0c2062e7658ec9d950f3ae223c1cf,0,0,0,0,0,
20200923,CA,787470,,,,totalTestsViral,13879423,3557.0,,905.0,,,,,B,9/23/2020 02:59,2020-09-23T02:59:00Z,09/22 22:59,15204.0,,2020-09-23T02:59:00Z,13879423,,,787470.0,,,,,,,,,,,,,,,06,3146,0,787470,75368,787470,133,0,43546419cb04f43e85adc330b24aba25ac685ba8,0,0,0,0,0,
20200922,CA,784324,,,,totalTestsViral,13804055,3520.0,,923.0,,,,,B,9/22/2020 02:59,2020-09-22T02:59:00Z,09/21 22:59,15071.0,,2020-09-22T02:59:00Z,13804055,,,784324.0,,,,,,,,,,,,,,,06,2630,0,784324,131273,784324,53,0,08d7ed14b71260646cc25744f86c12f557e811cf,0,0,0,0,0,
20200921,CA,781694,,,,totalTestsViral,13672782,3459.0,,960.0,,,,,B,9/21/2020 02:59,2020-09-21T02:59:00Z,09/20 22:59,15018.0,,2020-09-21T02:59:00Z,13672782,,,781694.0,,,,,,,,,,,,,,,06,3294,0,781694,149624,781694,31,0,ea9fe5181a1cef93fd59652a9d13cabc09534a6d,0,0,0,0,0,
20200920,CA,778400,,,,totalTestsViral,13523158,3441.0,,925.0,,,,,B,9/20/2020 02:59,2020-09-20T02:59:00Z,09/19 22:59,14987.0,,2020-09-20T02:59:00Z,13523158,,,778400.0,,,,,,,,,,,,,,,06,4265,0,778400,179272,778400,75,0,b3430cf7548bdb2a02baf45190748c93130d0935,0,0,0,0,0,
20200919,CA,774135,,,,totalTestsViral,13343886,3510.0,,970.0,,,,,B,9/19/2020 02:59,2020-09-19T02:59:00Z,09/18 22:59,14912.0,,2020-09-19T02:59:00Z,13343886,,,774135.0,,,,,,,,,,,,,,,06,4304,0,774135,166700,774135,100,0,f7d9e7a96c47ebc01b5b789e56a34c84290784fb,0,0,0,0,0,
20200918,CA,769831,,,,totalTestsViral,13177186,3570.0,,965.0,,,,,B,9/18/2020 02:59,2020-09-18T02:59:00Z,09/17 22:59,14812.0,,2020-09-18T02:59:00Z,13177186,,,769831.0,,,,,,,,,,,,,,,06,3630,0,769831,97149,769831,91,0,3d496c58b64168b5e4ca070d4fdaccb3b65594eb,0,0,0,0,0,
20200917,CA,766201,,,,totalTestsViral,13080037,3621.0,,997.0,,,,,B,9/17/2020 02:59,2020-09-17T02:59:00Z,09/16 22:59,14721.0,,2020-09-17T02:59:00Z,13080037,,,766201.0,,,,,,,,,,,,,,,06,3238,0,766201,79515,766201,106,0,b45b84ce1642c6cd830d6ea8ebc5cb2e26ed84e5,0,0,0,0,0,
20200916,CA,762963,,,,totalTestsViral,13000522,3685.0,,1032.0,,,,,B,9/16/2020 02:59,2020-09-16T02:59:00Z,09/15 22:59,14615.0,,2020-09-16T02:59:00Z,13000522,,,762963.0,,,,,,,,,,,,,,,06,2950,0,762963,72352,762963,164,0,fce79536355bc408efcc104d7aaf124e7f13310d,0,0,0,0,0,
20200915,CA,760013,,,,totalTestsViral,12928170,3735.0,,1044.0,,,,,B,9/15/2020 02:59,2020-09-15T02:59:00Z,09/14 22:59,14451.0,,2020-09-15T02:59:00Z,12928170,,,760013.0,,,,,,,,,,,,,,,06,2235,0,760013,121981,760013,66,0,45d7de0d7a97135f9c036d32c1794fd2af71581a,0,0,0,0,0,
20200914,CA,757778,,,,totalTestsViral,12806189,3665.0,,1040.0,,,,,B,9/14/2020 02:59,2020-09-14T02:59:00Z,09/13 22:59,14385.0,,2020-09-14T02:59:00Z,12806189,,,757778.0,,,,,,,,,,,,,,,06,2855,0,757778,116173,757778,56,0,e2fc0becb7892ca23fb3d94817a112604f6f859b,0,0,0,0,0,
20200913,CA,754923,,,,totalTestsViral,12690016,3741.0,,1056.0,,,,,B,9/13/2020 02:59,2020-09-13T02:59:00Z,09/12 22:59,14329.0,,2020-09-13T02:59:00Z,12690016,,,754923.0,,,,,,,,,,,,,,,06,4625,0,754923,133049,754923,78,0,2eba94773cffaff200d2bccfb384d4872c79c307,0,0,0,0,0,
20200912,CA,750298,,,,totalTestsViral,12556967,3848.0,,1120.0,,,,,B,9/12/2020 02:59,2020-09-12T02:59:00Z,09/11 22:59,14251.0,,2020-09-12T02:59:00Z,12556967,,,750298.0,,,,,,,,,,,,,,,06,4107,0,750298,105307,750298,162,0,f00472882d5802e33c960bb2cbb8c8dd2e036d38,0,0,0,0,0,
20200911,CA,746191,,,,totalTestsViral,12451660,4023.0,,1172.0,,,,,B,9/11/2020 02:59,2020-09-11T02:59:00Z,09/10 22:59,14089.0,,2020-09-11T02:59:00Z,12451660,,,746191.0,,,,,,,,,,,,,,,06,3326,0,746191,61669,746191,111,0,44521dc4a8c8126e7042ef60ddc0739afd10560b,0,0,0,0,0,
20200910,CA,742865,,,,totalTestsViral,12389991,4225.0,,1184.0,,,,,B,9/10/2020 02:59,2020-09-10T02:59:00Z,09/09 22:59,13978.0,,2020-09-10T02:59:00Z,12389991,,,742865.0,,,,,,,,,,,,,,,06,3338,0,742865,46194,742865,137,0,d2cd7c9714381be08e97597085a508b8fc60e484,0,0,0,0,0,
20200909,CA,739527,,,,totalTestsViral,12343797,4425.0,,1233.0,,,,,B,9/9/2020 02:59,2020-09-09T02:59:00Z,09/08 22:59,13841.0,,2020-09-09T02:59:00Z,12343797,,,739527.0,,,,,,,,,,,,,,,06,1616,0,739527,75849,739527,83,0,310557bc1cab876fc6af0476d49d728afc6edd2f,0,0,0,0,0,
20200908,CA,737911,,,,totalTestsViral,12267948,4297.0,,1217.0,,,,,B,9/8/2020 02:59,2020-09-08T02:59:00Z,09/07 22:59,13758.0,,2020-09-08T02:59:00Z,12267948,,,737911.0,,,,,,,,,,,,,,,06,2676,0,737911,109656,737911,32,0,aabc365e663d664e0d7bf54848e4a78b02ecc63b,0,0,0,0,0,
20200907,CA,735235,,,,totalTestsViral,12158292,4285.0,,1244.0,,,,,B,9/6/2020 02:59,2020-09-06T02:59:00Z,09/05 22:59,13726.0,,2020-09-06T02:59:00Z,12158292,,,735235.0,,,,,,,,,,,,,,,06,3091,0,735235,111101,735235,17,0,3e0d41697f4922dc6dae717ed09f905e764232a3,0,0,0,0,0,
20200906,CA,732144,,,,totalTestsViral,12047191,4226.0,,1201.0,,,,,B,9/6/2020 02:59,2020-09-06T02:59:00Z,09/05 22:59,13709.0,,2020-09-06T02:59:00Z,12047191,,,732144.0,,,,,,,,,,,,,,,06,4905,0,732144,130868,732144,66,0,9c9013f438ba38f155e0b55b38f3ecfdac5e82bf,0,0,0,0,0,
20200905,CA,727239,,,,totalTestsViral,11916323,4242.0,,1242.0,,,,,B,9/5/2020 02:59,2020-09-05T02:59:00Z,09/04 22:59,13643.0,,2020-09-05T02:59:00Z,11916323,,,727239.0,,,,,,,,,,,,,,,06,4956,0,727239,119353,727239,153,0,72e6b25dc8ea9f4b84ab64eb481207431fa36c60,0,0,0,0,0,
20200904,CA,722283,,,,totalTestsViral,11796970,4401.0,,1235.0,,,,,B,9/4/2020 02:59,2020-09-04T02:59:00Z,09/03 22:59,13490.0,,2020-09-04T02:59:00Z,11796970,,,722283.0,,,,,,,,,,,,,,,06,5106,0,722283,133046,722283,163,0,ffe242fb72fb13d648e50c961f6d76c8226295dd,0,0,0,0,0,
20200903,CA,717177,,,,totalTestsViral,11663924,4571.0,,1270.0,,,,,B,9/3/2020 02:59,2020-09-03T02:59:00Z,09/02 22:59,13327.0,,2020-09-03T02:59:00Z,11663924,,,717177.0,,,,,,,,,,,,,,,06,5125,0,717177,83554,717177,164,0,9fbdf8bd9896124f51843c88865f108e256cf1a8,0,0,0,0,0,
20200902,CA,712052,,,,totalTestsViral,11580370,4851.0,,1339.0,,,,,B,9/2/2020 02:59,2020-09-02T02:59:00Z,09/01 22:59,13163.0,,2020-09-02T02:59:00Z,11580370,,,712052.0,,,,,,,,,,,,,,,06,4255,0,712052,109674,712052,145,0,bfa910f9c40169f93a33b7c66ff5e7949ad8620e,0,0,0,0,0,
20200901,CA,707797,,,,totalTestsViral,11470696,4869.0,,1352.0,,,,,B,9/1/2020 02:59,2020-09-01T02:59:00Z,08/31 22:59,13018.0,,2020-09-01T02:59:00Z,11470696,,,707797.0,,,,,,,,,,,,,,,06,3712,0,707797,97391,707797,85,0,79b270eb45588a4e56c2b179def9ae446ec031a7,0,0,0,0,0,
20200831,CA,704085,,,,totalTestsViral,11373305,4829.0,,1346.0,,,,,B,8/31/2020 02:59,2020-08-31T02:59:00Z,08/30 22:59,12933.0,,2020-08-31T02:59:00Z,11373305,,,704085.0,,,,,,,,,,,,,,,06,4176,0,704085,141476,704085,28,0,2e0fc24060c617b27ccc97878df36ff1c04decfb,0,0,0,0,0,
20200830,CA,699909,,,,totalTestsViral,11231829,4943.0,,1396.0,,,,,B,8/30/2020 02:59,2020-08-30T02:59:00Z,08/29 22:59,12905.0,,2020-08-30T02:59:00Z,11231829,,,699909.0,,,,,,,,,,,,,,,06,6070,0,699909,122199,699909,71,0,7fb9161c08a370d08d9e81adee8ca071c434b8a4,0,0,0,0,0,
20200829,CA,693839,,,,totalTestsViral,11109630,5063.0,,1411.0,,,,,B,8/29/2020 02:59,2020-08-29T02:59:00Z,08/28 22:59,12834.0,,2020-08-29T02:59:00Z,11109630,,,693839.0,,,,,,,,,,,,,,,06,4981,0,693839,98993,693839,144,0,bd9603f08a77efb2a5ef4768a37ef7975de19fe6,0,0,0,0,0,
20200828,CA,688858,,,,totalTestsViral,11010637,5267.0,,1477.0,,,,,B,8/28/2020 02:59,2020-08-28T02:59:00Z,08/27 22:59,12690.0,,2020-08-28T02:59:00Z,11010637,,,688858.0,,,,,,,,,,,,,,,06,5329,0,688858,92222,688858,140,0,3e56fad3bebc4e6ff42d2ac2271bc3f144523fa9,0,0,0,0,0,
20200827,CA,683529,,,,totalTestsViral,10918415,5397.0,,1492.0,,,,,B,8/27/2020 02:59,2020-08-27T02:59:00Z,08/26 22:59,12550.0,,2020-08-27T02:59:00Z,10918415,,,683529.0,,,,,,,,,,,,,,,06,4430,0,683529,85658,683529,143,0,4a14972e0685000b501fa0bac6c9cb8ceb5c547b,0,0,0,0,0,
20200826,CA,679099,,,,totalTestsViral,10832757,5537.0,,1507.0,,,,,B,8/26/2020 02:59,2020-08-26T02:59:00Z,08/25 22:59,12407.0,,2020-08-26T02:59:00Z,10832757,,,679099.0,,,,,,,,,,,,,,,06,6004,0,679099,70251,679099,150,0,790a967b32218796af9d023098aa365ff94628bf,0,0,0,0,0,
20200825,CA,673095,,,,totalTestsViral,10762506,5561.0,,1540.0,,,,,B,8/25/2020 02:59,2020-08-25T02:59:00Z,08/24 22:59,12257.0,,2020-08-25T02:59:00Z,10762506,,,673095.0,,,,,,,,,,,,,,,06,4480,0,673095,110019,673095,105,0,9b20dc3e951c163c25befb3f8d9d2b2813316b1c,0,0,0,0,0,
20200824,CA,668615,,,,totalTestsViral,10652487,5618.0,,1549.0,,,,,B,8/24/2020 00:00,2020-08-24T00:00:00Z,08/23 20:00,12152.0,,2020-08-24T00:00:00Z,10652487,,,668615.0,,,,,,,,,,,,,,,06,4946,0,668615,111456,668615,18,0,b245a3c191e5445f9b45ca4b9561e375f928bee3,0,0,0,0,0,
20200823,CA,663669,,,,totalTestsViral,10541031,5665.0,,1582.0,,,,,B,8/23/2020 00:00,2020-08-23T00:00:00Z,08/22 20:00,12134.0,,2020-08-23T00:00:00Z,10541031,,,663669.0,,,,,,,,,,,,,,,06,6777,0,663669,104679,663669,146,0,754cc1f670b861ee604c80649cb63916522b7829,0,0,0,0,0,
20200822,CA,656892,,,,totalTestsViral,10436352,5873.0,,1675.0,,,,,B,8/22/2020 00:00,2020-08-22T00:00:00Z,08/21 20:00,11988.0,,2020-08-22T00:00:00Z,10436352,,,656892.0,,,,,,,,,,,,,,,06,6556,0,656892,106980,656892,167,0,e1e694aee6168dd5d51b3a83eaa0d021f9383a3b,0,0,0,0,0,
20200821,CA,650336,,,,totalTestsViral,10329372,6039.0,,1706.0,,,,,B,8/21/2020 00:00,2020-08-21T00:00:00Z,08/20 20:00,11821.0,,2020-08-21T00:00:00Z,10329372,,,650336.0,,,,,,,,,,,,,,,06,5585,0,650336,101406,650336,135,0,0bfbe68d22417e8f0e6957447aeca59fae2f62e6,0,0,0,0,0,
20200820,CA,644751,,,,totalTestsViral,10227966,6212.0,,1707.0,,,,,B,8/20/2020 00:00,2020-08-20T00:00:00Z,08/19 20:00,11686.0,,2020-08-20T00:00:00Z,10227966,,,644751.0,,,,,,,,,,,,,,,06,5920,0,644751,87283,644751,163,0,100bd98e856690bdfae747e7963700e7261b42ca,0,0,0,0,0,
20200819,CA,638831,,,,totalTestsViral,10140683,6479.0,,1761.0,,,,,B,8/19/2020 00:00,2020-08-19T00:00:00Z,08/18 20:00,11523.0,,2020-08-19T00:00:00Z,10140683,,,638831.0,,,,,,,,,,,,,,,06,6164,0,638831,91644,638831,181,0,b4dbec5ec11ef9efcc4973cb7e707380b90424f8,0,0,0,0,0,
20200818,CA,632667,,,,totalTestsViral,10049039,6360.0,,1801.0,,,,,B,8/18/2020 00:00,2020-08-18T00:00:00Z,08/17 20:00,11342.0,,2020-08-18T00:00:00Z,10049039,,,632667.0,,,,,,,,,,,,,,,06,4636,0,632667,115259,632667,100,0,ebca1234c988f2c34978ac2fc64b4830d6165c85,0,0,0,0,0,
20200817,CA,628031,,,,totalTestsViral,9933780,6332.0,,1811.0,,,,,B,8/17/2020 00:00,2020-08-17T00:00:00Z,08/16 20:00,11242.0,,2020-08-17T00:00:00Z,9933780,,,628031.0,,,,,,,,,,,,,,,06,6469,0,628031,135645,628031,18,0,b3d28590c2185815916ab577499608420a79ddc0,0,0,0,0,0,
20200816,CA,621562,,,,totalTestsViral,9798135,6309.0,,1820.0,,,,,B,8/16/2020 00:00,2020-08-16T00:00:00Z,08/15 20:00,11224.0,,2020-08-16T00:00:00Z,9798135,,,621562.0,,,,,,,,,,,,,,,06,7873,0,621562,117024,621562,77,0,709e869bdb3ca36cf4dcec17d450e3b0b75bc8d3,0,0,0,0,0,
20200815,CA,613689,,,,totalTestsViral,9681111,6327.0,,1812.0,,,,,B,8/15/2020 00:00,2020-08-15T00:00:00Z,08/14 20:00,11147.0,,2020-08-15T00:00:00Z,9681111,,,613689.0,,,,,,,,,,,,,,,06,12614,0,613689,124513,613689,151,0,bd938b1aff37b9a4b3021dd79cd62c205ab40e45,0,0,0,0,0,
20200814,CA,601075,,,,totalTestsViral,9556598,6364.0,,1850.0,,,,,B,8/14/2020 00:00,2020-08-14T00:00:00Z,08/13 20:00,10996.0,,2020-08-14T00:00:00Z,9556598,,,601075.0,,,,,,,,,,,,,,,06,7934,0,601075,111105,601075,188,0,795b89dfcb03a5fc6566b8d51bafb81b24a44097,0,0,0,0,0,
20200813,CA,593141,,,,totalTestsViral,9445493,6424.0,,1826.0,,,,,B,8/13/2020 00:00,2020-08-13T00:00:00Z,08/12 20:00,10808.0,,2020-08-13T00:00:00Z,9445493,,,593141.0,,,,,,,,,,,,,,,06,7085,0,593141,142026,593141,160,0,64bc64b5a8eaf910f6d995adf65bfb2d725649fa,0,0,0,0,0,
20200812,CA,586056,,,,totalTestsViral,9303467,6647.0,,1873.0,,,,,B,8/11/2020 00:00,2020-08-11T00:00:00Z,08/10 20:00,10648.0,,2020-08-11T00:00:00Z,9303467,,,586056.0,,,,,,,,,,,,,,,06,11645,0,586056,117188,586056,180,0,b9728e15dcf039d867ede56d014507b38249baa0,0,0,0,0,0,
20200811,CA,574411,,,,totalTestsViral,9186279,6759.0,,1885.0,,,,,B,8/10/2020 00:00,2020-08-10T00:00:00Z,08/09 20:00,10468.0,,2020-08-10T00:00:00Z,9186279,,,574411.0,,,,,,,,,,,,,,,06,12500,0,574411,187926,574411,109,0,96699fa0aa6a20050707053d950a34cbcc47b819,0,0,0,0,0,
20200810,CA,561911,,,,totalTestsViral,8998353,6770.0,,1879.0,,,,,B,8/9/2020 00:00,2020-08-09T00:00:00Z,08/08 20:00,10359.0,,2020-08-09T00:00:00Z,8998353,,,561911.0,,,,,,,,,,,,,,,06,7751,0,561911,172234,561911,66,0,ef9cffb8cf2484fad52493348c4b490a28ffe053,0,0,0,0,0,
20200809,CA,554160,,,,totalTestsViral,8826119,6849.0,,1891.0,,,,,B,8/9/2020 00:00,2020-08-09T00:00:00Z,08/08 20:00,10293.0,,2020-08-09T00:00:00Z,8826119,,,554160.0,,,,,,,,,,,,,,,06,8373,0,554160,118592,554160,104,0,44e7955b9b0ab067d6932dd24ef3e07c13dc5854,0,0,0,0,0,
20200808,CA,545787,,,,totalTestsViral,8707527,6956.0,,2038.0,,,,,B,8/8/2020 00:00,2020-08-08T00:00:00Z,08/07 20:00,10189.0,,2020-08-08T00:00:00Z,8707527,,,545787.0,,,,,,,,,,,,,,,06,7371,0,545787,110645,545787,178,0,da7323ffa2ed433eb931f31ce9c08989838fd94c,0,0,0,0,0,
20200807,CA,538416,,,,totalTestsViral,8596882,7277.0,,1978.0,,,,,B,8/7/2020 00:00,2020-08-07T00:00:00Z,08/06 20:00,10011.0,,2020-08-07T00:00:00Z,8596882,,,538416.0,,,,,,,,,,,,,,,06,8436,0,538416,96419,538416,142,0,80be2ee34ac03d3954a01cd06696de415f96abd5,0,0,0,0,0,
20200806,CA,529980,,,,totalTestsViral,8500463,7485.0,,2026.0,,,,,B,8/6/2020 00:00,2020-08-06T00:00:00Z,08/05 20:00,9869.0,,2020-08-06T00:00:00Z,8500463,,,529980.0,,,,,,,,,,,,,,,06,5258,0,529980,91063,529980,166,0,1d1803a8c18bff3a8af5b904a370d78801d01a33,0,0,0,0,0,
20200805,CA,524722,,,,totalTestsViral,8409400,7552.0,,2005.0,,,,,B,8/5/2020 00:00,2020-08-05T00:00:00Z,08/04 20:00,9703.0,,2020-08-05T00:00:00Z,8409400,,,524722.0,,,,,,,,,,,,,,,06,5295,0,524722,103687,524722,202,0,c55989b61ed3e7bd2e1f8ad023d4cfaaf78c6e8d,0,0,0,0,0,
20200804,CA,519427,,,,totalTestsViral,8305713,7630.0,,2082.0,,,,,B,8/4/2020 00:00,2020-08-04T00:00:00Z,08/03 20:00,9501.0,,2020-08-04T00:00:00Z,8305713,,,519427.0,,,,,,,,,,,,,,,06,4526,0,519427,121017,519427,113,0,a5d661859e52686adfd397b91dd75f1acaaf0a05,0,0,0,0,0,
20200803,CA,514901,,,,totalTestsViral,8184696,7629.0,,2069.0,,,,,B,8/3/2020 00:00,2020-08-03T00:00:00Z,08/02 20:00,9388.0,,2020-08-03T00:00:00Z,8184696,,,514901.0,,,,,,,,,,,,,,,06,5739,0,514901,148721,514901,32,0,e38e0bba6afb821d8aa651a71723ba7451e2df5a,0,0,0,0,0,
20200802,CA,509162,,,,totalTestsViral,8035975,7761.0,,2119.0,,,,,B,8/2/2020 00:00,2020-08-02T00:00:00Z,08/01 20:00,9356.0,,2020-08-02T00:00:00Z,8035975,,,509162.0,,,,,,,,,,,,,,,06,9032,0,509162,149388,509162,132,0,c26f18bfa575bfe7b4015f2424b491b18417f7a3,0,0,0,0,0,
20200801,CA,500130,,,,totalTestsViral,7886587,7754.0,,2120.0,,,,,B,7/31/2020 00:00,2020-07-31T00:00:00Z,07/30 20:00,9224.0,,2020-07-31T00:00:00Z,7886587,,,500130.0,,,,,,,,,,,,,,,06,6542,0,500130,75546,500130,219,0,63330391aeb9a11b34224b99c878c303f5e3cf07,0,0,0,0,0,
20200731,CA,493588,,,,totalTestsViral,7811041,7999.0,,2163.0,,,,,B,7/31/2020 00:00,2020-07-31T00:00:00Z,07/30 20:00,9005.0,,2020-07-31T00:00:00Z,7811041,,,493588.0,,,,,,,,,,,,,,,06,8086,0,493588,177201,493588,96,0,c58cbc8bcef3ea0294be2535e7ccec9f29c83b73,0,0,0,0,0,
20200730,CA,485502,,,,totalTestsViral,7633840,8198.0,,2220.0,,,,,B,7/30/2020 00:00,2020-07-30T00:00:00Z,07/29 20:00,8909.0,,2020-07-30T00:00:00Z,7633840,,,485502.0,,,,,,,,,,,,,,,06,10197,0,485502,116374,485502,194,0,cf17d64a91600f9e8cbaf8d66a602f841c1a1113,0,0,0,0,0,
20200729,CA,475305,,,,totalTestsViral,7517466,8439.0,,2209.0,,,,,B,7/29/2020 00:00,2020-07-29T00:00:00Z,07/28 20:00,8715.0,,2020-07-29T00:00:00Z,7517466,,,475305.0,,,,,,,,,,,,,,,06,8755,0,475305,99600,475305,197,0,0cda834856ef8f329bed0822ed0a0fe61101790c,0,0,0,0,0,
20200728,CA,466550,,,,totalTestsViral,7417866,8317.0,,2198.0,,,,,B,7/28/2020 00:00,2020-07-28T00:00:00Z,07/27 20:00,8518.0,,2020-07-28T00:00:00Z,7417866,,,466550.0,,,,,,,,,,,,,,,06,6000,0,466550,121288,466550,73,0,a98449236b3656f7abdfa379f76ba28fb34af50d,0,0,0,0,0,
20200727,CA,460550,,,,totalTestsViral,7296578,8820.0,,2284.0,,,,,B,7/27/2020 00:00,2020-07-27T00:00:00Z,07/26 20:00,8445.0,,2020-07-27T00:00:00Z,7296578,,,460550.0,,,,,,,,,,,,,,,06,6891,0,460550,128439,460550,29,0,1ea74ab2a19f57aecf75ffe5a32f7493c5bea6eb,0,0,0,0,0,
20200726,CA,453659,,,,totalTestsViral,7168139,8820.0,,2284.0,,,,,B,7/26/2020 00:00,2020-07-26T00:00:00Z,07/25 20:00,8416.0,,2020-07-26T00:00:00Z,7168139,,,453659.0,,,,,,,,,,,,,,,06,8259,0,453659,120784,453659,79,0,c43eee4182d9cd4dbee98f9ec058c712f69e05d2,0,0,0,0,0,
20200725,CA,445400,,,,totalTestsViral,7047355,8820.0,,2284.0,,,,,B,7/25/2020 00:00,2020-07-25T00:00:00Z,07/24 20:00,8337.0,,2020-07-25T00:00:00Z,7047355,,,445400.0,,,,,,,,,,,,,,,06,10066,0,445400,131479,445400,151,0,11a4486dedcf66781b05baba88c8cd322daeca7a,0,0,0,0,0,
20200724,CA,435334,,,,totalTestsViral,6915876,8820.0,,2284.0,,,,,B,7/24/2020 00:00,2020-07-24T00:00:00Z,07/23 20:00,8186.0,,2020-07-24T00:00:00Z,6915876,,,435334.0,,,,,,,,,,,,,,,06,9718,0,435334,137572,435334,159,0,df40e9d5b70d3af8cc1e25edac95de86ea4b3f4e,0,0,0,0,0,
20200723,CA,425616,,,,totalTestsViral,6778304,8820.0,,2284.0,,,,,B,7/23/2020 00:00,2020-07-23T00:00:00Z,07/22 20:00,8027.0,,2020-07-23T00:00:00Z,6778304,,,425616.0,,,,,,,,,,,,,,,06,12040,0,425616,113885,425616,157,0,b0b55d6804def34fa0b49a843f5348684dfd5e89,0,0,0,0,0,
20200722,CA,413576,,,,totalTestsViral,6664419,8820.0,,2284.0,,,,,B,7/22/2020 00:00,2020-07-22T00:00:00Z,07/21 20:00,7870.0,,2020-07-22T00:00:00Z,6664419,,,413576.0,,,,,,,,,,,,,,,06,12807,0,413576,127487,413576,115,0,e145215aca59c2752d67082e88cf1701e78de389,0,0,0,0,0,
20200721,CA,400769,,,,totalTestsViral,6536932,8681.0,,2226.0,,,,,B,7/21/2020 00:00,2020-07-21T00:00:00Z,07/20 20:00,7755.0,,2020-07-21T00:00:00Z,6536932,,,400769.0,,,,,,,,,,,,,,,06,9231,0,400769,122611,400769,61,0,c2e067b37019e07f1e93dd2928278615e7a6275a,0,0,0,0,0,
20200720,CA,391538,,,,totalTestsViral,6414321,8419.0,,2157.0,,,,,B,7/20/2020 00:00,2020-07-20T00:00:00Z,07/19 20:00,7694.0,,2020-07-20T00:00:00Z,6414321,,,391538.0,,,,,,,,,,,,,,,06,6846,0,391538,127469,391538,9,0,97d981fc5ebf477dda4aa319d5b9ecf611a8c6ba,0,0,0,0,0,
20200719,CA,384692,,,,totalTestsViral,6286852,8398.0,,2107.0,,,,,B,7/19/2020 00:00,2020-07-19T00:00:00Z,07/18 20:00,7685.0,,2020-07-19T00:00:00Z,6286852,,,384692.0,,,,,,,,,,,,,,,06,9329,0,384692,119634,384692,90,0,75d80ee3c8ddda7cb7e4d1f8e2c3a770513a8fa9,0,0,0,0,0,
20200718,CA,375363,,,,totalTestsViral,6167218,8502.0,,2125.0,,,,,B,7/18/2020 00:00,2020-07-18T00:00:00Z,07/17 20:00,7595.0,,2020-07-18T00:00:00Z,6167218,,,375363.0,,,,,,,,,,,,,,,06,9199,0,375363,123119,375363,120,0,b488e706ae79eba05931ef768307b16ab614b0e6,0,0,0,0,0,
20200717,CA,366164,,,,totalTestsViral,6044099,8450.0,,2153.0,,,,,B,7/17/2020 00:00,2020-07-17T00:00:00Z,07/16 20:00,7475.0,,2020-07-17T00:00:00Z,6044099,,,366164.0,,,,,,,,,,,,,,,06,9986,0,366164,128591,366164,130,0,9e74eacd2e09976eea9d757a449b6e1076dbdca4,0,0,0,0,0,
20200716,CA,356178,,,,totalTestsViral,5915508,8363.0,,2120.0,,,,,B,7/16/2020 00:00,2020-07-16T00:00:00Z,07/15 20:00,7345.0,,2020-07-16T00:00:00Z,5915508,,,356178.0,,,,,,,,,,,,,,,06,8544,0,356178,122232,356178,118,0,834a04f6330b2b97a390051e877defc29c881e7c,0,0,0,0,0,
20200715,CA,347634,,,,totalTestsViral,5793276,8353.0,,2110.0,,,,,B,7/15/2020 00:00,2020-07-15T00:00:00Z,07/14 20:00,7227.0,,2020-07-15T00:00:00Z,5793276,,,347634.0,,,,,,,,,,,,,,,06,11126,0,347634,118321,347634,140,0,1a6369b3badea1263e69755435176217dfe5f252,0,0,0,0,0,
20200714,CA,336508,,,,totalTestsViral,5674955,8145.0,,2083.0,,,,,B,7/14/2020 00:00,2020-07-14T00:00:00Z,07/13 20:00,7087.0,,2020-07-14T00:00:00Z,5674955,,,336508.0,,,,,,,,,,,,,,,06,7346,0,336508,130590,336508,47,0,720f7b4f5b6760c0ce25f2cd5eb17d8d63ea44a4,0,0,0,0,0,
20200713,CA,329162,,,,totalTestsViral,5544365,7895.0,,2021.0,,,,,B,7/13/2020 00:00,2020-07-13T00:00:00Z,07/12 20:00,7040.0,,2020-07-13T00:00:00Z,5544365,,,329162.0,,,,,,,,,,,,,,,06,8358,0,329162,137766,329162,23,0,9bb6e02216c206f060aabafa7990dbd549b99ae7,0,0,0,0,0,
20200712,CA,320804,,,,totalTestsViral,5406599,7854.0,,2020.0,,,,,B,7/12/2020 00:00,2020-07-12T00:00:00Z,07/11 20:00,7017.0,,2020-07-12T00:00:00Z,5406599,,,320804.0,,,,,,,,,,,,,,,06,8460,0,320804,130904,320804,72,0,c29bdd16e737aebba0ed9be07c0a20c142b19637,0,0,0,0,0,
20200711,CA,312344,,,,totalTestsViral,5275695,7904.0,,2021.0,,,,,B,7/11/2020 00:00,2020-07-11T00:00:00Z,07/10 20:00,6945.0,,2020-07-11T00:00:00Z,5275695,,,312344.0,,,,,,,,,,,,,,,06,8047,0,312344,99958,312344,94,0,c312c023cf73f99c81caa68d807abd3cc74ca900,0,0,0,0,0,
20200710,CA,304297,,,,totalTestsViral,5175737,7896.0,,2005.0,,,,,B,7/10/2020 00:00,2020-07-10T00:00:00Z,07/09 20:00,6851.0,,2020-07-10T00:00:00Z,5175737,,,304297.0,,,,,,,,,,,,,,,06,7798,0,304297,97303,304297,140,0,7adaf4e5067f47c59d8dde063de3d2b058c026cf,0,0,0,0,0,
20200709,CA,296499,,,,totalTestsViral,5078434,7821.0,,1957.0,,,,,B,7/9/2020 00:00,2020-07-09T00:00:00Z,07/08 20:00,6711.0,,2020-07-09T00:00:00Z,5078434,,,296499.0,,,,,,,,,,,,,,,06,7031,0,296499,82259,296499,149,0,15f880d7d3342535a1d29dcdb8c80e7924a4254d,0,0,0,0,0,
20200708,CA,289468,,,,totalTestsViral,4996175,7705.0,,1976.0,,,,,B,7/8/2020 00:00,2020-07-08T00:00:00Z,07/07 20:00,6562.0,,2020-07-08T00:00:00Z,4996175,,,289468.0,,,,,,,,,,,,,,,06,11694,0,289468,99805,289468,114,0,4ef80d745017dfc34f4d722f5ba0ebd8664f1a58,0,0,0,0,0,
20200707,CA,277774,,,,totalTestsViral,4896370,7499.0,,1984.0,,,,,B,7/7/2020 00:00,2020-07-07T00:00:00Z,07/06 20:00,6448.0,,2020-07-07T00:00:00Z,4896370,,,277774.0,,,,,,,,,,,,,,,06,6090,0,277774,103017,277774,111,0,438959be304c2bf29345f31561611d96c815ff1d,0,0,0,0,0,
20200706,CA,271684,,,,totalTestsViral,4793353,7278.0,,1937.0,,,,,B,7/6/2020 00:00,2020-07-06T00:00:00Z,07/05 20:00,6337.0,,2020-07-06T00:00:00Z,4793353,,,271684.0,,,,,,,,,,,,,,,06,5699,0,271684,113215,271684,6,0,b0257b2a61556103d40cfa6d99a3a3016cab307d,0,0,0,0,0,
20200705,CA,265985,,,,totalTestsViral,4680138,7149.0,,1907.0,,,,,B,7/5/2020 00:00,2020-07-05T00:00:00Z,07/04 20:00,6331.0,,2020-07-05T00:00:00Z,4680138,,,265985.0,,,,,,,,,,,,,,,06,8597,0,265985,127107,265985,18,0,3b706380d46be5b8635373ac0f4eda7010525440,0,0,0,0,0,
20200704,CA,257388,,,,totalTestsViral,4553031,7092.0,,1888.0,,,,,B,7/4/2020 00:00,2020-07-04T00:00:00Z,07/03 20:00,6313.0,,2020-07-04T00:00:00Z,4553031,,,257388.0,,,,,,,,,,,,,,,06,9153,0,257388,104855,257388,50,0,4685fed68b6f62634b241e97b5f326504080aaad,0,0,0,0,0,
20200703,CA,248235,,,,totalTestsViral,4448176,7024.0,,1871.0,,,,,B,7/3/2020 00:00,2020-07-03T00:00:00Z,07/02 20:00,6263.0,,2020-07-03T00:00:00Z,4448176,,,248235.0,,,,,,,,,,,,,,,06,5688,0,248235,109458,248235,100,0,5a8d455a4470dbbf77043b3a37306d18f1deaec6,0,0,0,0,0,
20200702,CA,242547,,,,totalTestsViral,4338718,6812.0,,1934.0,,,,,B,7/2/2020 00:00,2020-07-02T00:00:00Z,07/01 20:00,6163.0,,2020-07-02T00:00:00Z,4338718,,,242547.0,,,,,,,,,,,,,,,06,6408,0,242547,84542,242547,73,0,822cd15002bc7e951ba0793c822228c1482e30d3,0,0,0,0,0,
20200701,CA,236139,,,,totalTestsViral,4254176,6612.0,,1859.0,,,,,B,7/1/2020 00:00,2020-07-01T00:00:00Z,06/30 20:00,6090.0,,2020-07-01T00:00:00Z,4254176,,,236139.0,,,,,,,,,,,,,,,06,7407,0,236139,87037,236139,110,0,34fbb0225aaf99ec39872716d6649e1d49316472,0,0,0,0,0,
20200630,CA,228732,,,,totalTestsViral,4167139,6466.0,,1751.0,,,,,B,6/30/2020 00:00,2020-06-30T00:00:00Z,06/29 20:00,5980.0,,2020-06-30T00:00:00Z,4167139,,,228732.0,,,,,,,,,,,,,,,06,9480,0,228732,105447,228732,44,0,d44004b5ecf09d72e0561688f67040d0ec654855,0,0,0,0,0,
20200629,CA,219252,,,,totalTestsViral,4061692,6179.0,,1686.0,,,,,B,6/29/2020 00:00,2020-06-29T00:00:00Z,06/28 20:00,5936.0,,2020-06-29T00:00:00Z,4061692,,,219252.0,,,,,,,,,,,,,,,06,8009,0,219252,105740,219252,31,0,a39e7f626f5e934be3cc3140346c0ab21b1c7530,0,0,0,0,0,
20200628,CA,211243,,,,totalTestsViral,3955952,5956.0,,1602.0,,,,,B,6/28/2020 00:00,2020-06-28T00:00:00Z,06/27 20:00,5905.0,,2020-06-28T00:00:00Z,3955952,,,211243.0,,,,,,,,,,,,,,,06,4810,0,211243,93642,211243,33,0,ee288d3f98a535ba586aab49563141a1da53941a,0,0,0,0,0,
20200627,CA,206433,,,,totalTestsViral,3862310,5790.0,,1562.0,,,,,B,6/27/2020 00:00,2020-06-27T00:00:00Z,06/26 20:00,5872.0,,2020-06-27T00:00:00Z,3862310,,,206433.0,,,,,,,,,,,,,,,06,5972,0,206433,90996,206433,60,0,8182ed94d0c45c828488a870d88e315d55351013,0,0,0,0,0,
20200626,CA,200461,,,,totalTestsViral,3771314,5639.0,,1570.0,,,,,B,6/26/2020 00:00,2020-06-26T00:00:00Z,06/25 20:00,5812.0,,2020-06-26T00:00:00Z,3771314,,,200461.0,,,,,,,,,,,,,,,06,4890,0,200461,76969,200461,79,0,dfa9d62ce6b3f0ae1d68c4fe51f2c4e798484737,0,0,0,0,0,
20200625,CA,195571,,,,totalTestsViral,3694345,5522.0,,1523.0,,,,,B,6/25/2020 00:00,2020-06-25T00:00:00Z,06/24 20:00,5733.0,,2020-06-25T00:00:00Z,3694345,,,195571.0,,,,,,,,,,,,,,,06,5349,0,195571,101446,195571,101,0,1c6e6ca74ab0c7785fb32cb0e2eaafedaba09e63,0,0,0,0,0,
20200624,CA,190222,,,,totalTestsViral,3592899,5399.0,,1487.0,,,,,B,6/24/2020 00:00,2020-06-24T00:00:00Z,06/23 20:00,5632.0,,2020-06-24T00:00:00Z,3592899,,,190222.0,,,,,,,,,,,,,,,06,7149,0,190222,95970,190222,52,0,4ac97c94031bd50b6ad52f773ad93e44125a8298,0,0,0,0,0,
20200623,CA,183073,,,,totalTestsViral,3496929,5065.0,,1421.0,,,,,B,6/23/2020 00:00,2020-06-23T00:00:00Z,06/22 20:00,5580.0,,2020-06-23T00:00:00Z,3496929,,,183073.0,,,,,,,,,,,,,,,06,5019,0,183073,85243,183073,65,0,a204e87bf99db0ecc64bbcfe72f98fb1e1f3a1d9,0,0,0,0,0,
20200622,CA,178054,,,,totalTestsViral,3411686,4804.0,,1412.0,,,,,B,6/22/2020 00:00,2020-06-22T00:00:00Z,06/21 20:00,5515.0,,2020-06-22T00:00:00Z,3411686,,,178054.0,,,,,,,,,,,,,,,06,4230,0,178054,92430,178054,20,0,244b7064b1b1e7c6a0c08734959d04b2f8839287,0,0,0,0,0,
20200621,CA,173824,,,,totalTestsViral,3319256,4679.0,,1366.0,,,,,B,6/21/2020 00:00,2020-06-21T00:00:00Z,06/20 20:00,5495.0,,2020-06-21T00:00:00Z,3319256,,,173824.0,,,,,,,,,,,,,,,06,4515,0,173824,84844,173824,71,0,64a1d265339f54e0e5a15c7f5f2bd019d72328fd,0,0,0,0,0,
20200620,CA,169309,,,,totalTestsViral,3234412,4582.0,,1332.0,,,,,B,6/20/2020 00:00,2020-06-20T00:00:00Z,06/19 20:00,5424.0,,2020-06-20T00:00:00Z,3234412,,,169309.0,,,,,,,,,,,,,,,06,3893,0,169309,78710,169309,64,0,cdd5abdf4dadf8ecc2e28de218272ac28ee9b1a9,0,0,0,0,0,
20200619,CA,165416,,,,totalTestsViral,3155702,4587.0,,1329.0,,,,,B,6/19/2020 00:00,2020-06-19T00:00:00Z,06/18 20:00,5360.0,,2020-06-19T00:00:00Z,3155702,,,165416.0,,,,,,,,,,,,,,,06,4317,0,165416,81172,165416,70,0,1ccf315818280fc581769fd619d7db9169446e5e,0,0,0,0,0,
20200618,CA,161099,,,,totalTestsViral,3074530,4584.0,,1298.0,,,,,B,6/18/2020 00:00,2020-06-18T00:00:00Z,06/17 20:00,5290.0,,2020-06-18T00:00:00Z,3074530,,,161099.0,,,,,,,,,,,,,,,06,4084,0,161099,76542,161099,82,0,29c1956e307f0fcb552c1382b833c1f8c4a8ba3d,0,0,0,0,0,
20200617,CA,157015,,,,totalTestsViral,2997988,4522.0,,1318.0,,,,,B,6/17/2020 00:00,2020-06-17T00:00:00Z,06/16 20:00,5208.0,,2020-06-17T00:00:00Z,2997988,,,157015.0,,,,,,,,,,,,,,,06,3455,0,157015,60233,157015,87,0,bf8700f0276ee2db98362f10bdfd987b79a64ae6,0,0,0,0,0,
20200616,CA,153560,,,,totalTestsViral,2937755,4462.0,,1272.0,,,,,B,6/16/2020 00:00,2020-06-16T00:00:00Z,06/15 20:00,5121.0,,2020-06-16T00:00:00Z,2937755,,,153560.0,,,,,,,,,,,,,,,06,2108,0,153560,69573,153560,32,0,e29b8d5a57ab7b0f2df09e66bd65d38e3e25bf99,0,0,0,0,0,
20200615,CA,151452,,,,totalTestsViral,2868182,4323.0,,1270.0,,,,,B,6/15/2020 00:00,2020-06-15T00:00:00Z,06/14 20:00,5089.0,,2020-06-15T00:00:00Z,2868182,,,151452.0,,,,,,,,,,,,,,,06,2597,0,151452,66186,151452,26,0,e6ac09f2596705731d6d79b114e1dcc1e9ca6c0c,0,0,0,0,0,
20200614,CA,148855,,,,totalTestsViral,2801996,4247.0,,1280.0,,,,,B,6/14/2020 00:00,2020-06-14T00:00:00Z,06/13 20:00,5063.0,,2020-06-14T00:00:00Z,2801996,,,148855.0,,,,,,,,,,,,,,,06,3212,0,148855,77603,148855,74,0,0b86a1c23b221cd8280723cd82feeec90fab8bfc,0,0,0,0,0,
20200613,CA,145643,,,,totalTestsViral,2724393,4411.0,,1313.0,,,,,B,6/13/2020 00:00,2020-06-13T00:00:00Z,06/12 20:00,4989.0,,2020-06-13T00:00:00Z,2724393,,,145643.0,,,,,,,,,,,,,,,06,3660,0,145643,62135,145643,46,0,f944dac1376995baaf463d8a51c52566a8133487,0,0,0,0,0,
20200612,CA,141983,,,,totalTestsViral,2662258,4480.0,,1310.0,,,,,B,6/12/2020 00:00,2020-06-12T00:00:00Z,06/11 20:00,4943.0,,2020-06-12T00:00:00Z,2662258,,,141983.0,,,,,,,,,,,,,,,06,2702,0,141983,64611,141983,62,0,1908ceef509f6d6ae982c4d952c68995ac2870f3,0,0,0,0,0,
20200611,CA,139281,,,,totalTestsViral,2597647,4534.0,,1325.0,,,,,B,6/11/2020 00:00,2020-06-11T00:00:00Z,06/10 20:00,4881.0,,2020-06-11T00:00:00Z,2597647,,,139281.0,,,,,,,,,,,,,,,06,3090,0,139281,56849,139281,105,0,665bac1779db04c8f676f1049292b8905dc886db,0,0,0,0,0,
20200610,CA,136191,,,,totalTestsViral,2540798,4719.0,,1326.0,,,,,B,6/10/2020 00:00,2020-06-10T00:00:00Z,06/09 20:00,4776.0,,2020-06-10T00:00:00Z,2540798,,,136191.0,,,,,,,,,,,,,,,06,2702,0,136191,54553,136191,79,0,a4d6bb9203fddfa7bb33b22407e68c3b8202dc17,0,0,0,0,0,
20200609,CA,133489,,,,totalTestsViral,2486245,4583.0,,1345.0,,,,,B,6/9/2020 00:00,2020-06-09T00:00:00Z,06/08 20:00,4697.0,,2020-06-09T00:00:00Z,2486245,,,133489.0,,,,,,,,,,,,,,,06,2170,0,133489,55055,133489,44,0,66e70b0924ce2d674ccd5ed9896cab84ed1dd860,0,0,0,0,0,
20200608,CA,131319,,,,totalTestsViral,2431190,4506.0,,1301.0,,,,,B,6/8/2020 00:00,2020-06-08T00:00:00Z,06/07 20:00,4653.0,,2020-06-08T00:00:00Z,2431190,,,131319.0,,,,,,,,,,,,,,,06,2507,0,131319,68972,131319,27,0,71cf3a88d61e0f42fd90d4326d2218d765c6c1a5,0,0,0,0,0,
20200607,CA,128812,,,,totalTestsViral,2362218,4525.0,,1288.0,,,,,B,6/7/2020 00:00,2020-06-07T00:00:00Z,06/06 20:00,4626.0,,2020-06-07T00:00:00Z,2362218,,,128812.0,,,,,,,,,,,,,,,06,2796,0,128812,53918,128812,67,0,5e02e8e16e53ab380de6087b0e9d5787a381353b,0,0,0,0,0,
20200606,CA,126016,,,,totalTestsViral,2308300,4526.0,,1315.0,,,,,B,6/6/2020 00:00,2020-06-06T00:00:00Z,06/05 20:00,4559.0,,2020-06-06T00:00:00Z,2308300,,,126016.0,,,,,,,,,,,,,,,06,3115,0,126016,69837,126016,74,0,de1fd9eb32f33fcb3ce981035b433357462c3281,0,0,0,0,0,
20200605,CA,122901,,,,totalTestsViral,2238463,4625.0,,1333.0,,,,,B,6/5/2020 00:00,2020-06-05T00:00:00Z,06/04 20:00,4485.0,,2020-06-05T00:00:00Z,2238463,,,122901.0,,,,,,,,,,,,,,,06,3094,0,122901,55792,122901,63,0,a8d909cb2ac06f0925d4ed2789a1fee7ebf8171b,0,0,0,0,0,
20200604,CA,119807,,,,totalTestsViral,2182671,4455.0,,1279.0,,,,,B,6/4/2020 00:00,2020-06-04T00:00:00Z,06/03 20:00,4422.0,,2020-06-04T00:00:00Z,2182671,,,119807.0,,,,,,,,,,,,,,,06,2120,0,119807,51377,119807,61,0,24db6d9fb250a54581da01ba6ea166b84cf7a0ea,0,0,0,0,0,
20200603,CA,117687,,,,totalTestsViral,2131294,4458.0,,1313.0,,,,,B,6/3/2020 00:00,2020-06-03T00:00:00Z,06/02 20:00,4361.0,,2020-06-03T00:00:00Z,2131294,,,117687.0,,,,,,,,,,,,,,,06,2377,0,117687,59703,117687,75,0,60563a78e1cb04da1155cd6336b23f5f31f14024,0,0,0,0,0,
20200602,CA,115310,,,,totalTestsViral,2071591,4393.0,,1286.0,,,,,B,6/2/2020 00:00,2020-06-02T00:00:00Z,06/01 20:00,4286.0,,2020-06-02T00:00:00Z,2071591,,,115310.0,,,,,,,,,,,,,,,06,2304,0,115310,59008,115310,35,0,0febcb6136a7890484bb34f1df7c67c0247f243e,0,0,0,0,0,
20200601,CA,113006,,,,totalTestsViral,2012583,4258.0,,1273.0,,,,,B,6/1/2020 00:00,2020-06-01T00:00:00Z,05/31 20:00,4251.0,,2020-06-01T00:00:00Z,2012583,,,113006.0,,,,,,,,,,,,,,,06,2423,0,113006,67735,113006,38,0,4ed9b03c7b81c86a8fe59d583e2751050b0556d4,0,0,0,0,0,
20200531,CA,110583,,,,totalTestsViral,1944848,4331.0,,1324.0,,,,,B,5/30/2020 00:00,2020-05-30T00:00:00Z,05/29 20:00,4213.0,,2020-05-30T00:00:00Z,1944848,,,110583.0,,,,,,,,,,,,,,,06,3705,0,110583,56253,110583,57,0,0249f97d9de6b6d0ea88ddcd15be034cca311d5e,0,0,0,0,0,
20200530,CA,106878,,,,totalTestsViral,1888595,4215.0,,1273.0,,,,,B,5/30/2020 00:00,2020-05-30T00:00:00Z,05/29 20:00,4156.0,,2020-05-30T00:00:00Z,1888595,,,106878.0,,,,,,,,,,,,,,,06,2992,0,106878,53117,106878,88,0,edba8f1a31bdadbeb8fdda138501b3438c783864,0,0,0,0,0,
20200529,CA,103886,,,,totalTestsViral,1835478,4414.0,,1328.0,,,,,B,5/29/2020 00:00,2020-05-29T00:00:00Z,05/28 20:00,4068.0,,2020-05-29T00:00:00Z,1835478,,,103886.0,,,,,,,,,,,,,,,06,2189,0,103886,44919,103886,95,0,34e0a1eda06e42ce1206f8c4d167696c5e72db65,0,0,0,0,0,
20200528,CA,101697,,,,totalTestsViral,1790559,4529.0,,1325.0,,,,,B,5/28/2020 00:00,2020-05-28T00:00:00Z,05/27 20:00,3973.0,,2020-05-28T00:00:00Z,1790559,,,101697.0,,,,,,,,,,,,,,,06,2717,0,101697,53665,101697,89,0,3b843d5c8ed55ce60a3c3eb87a07dcc2eca7c1a5,0,0,0,0,0,
20200527,CA,98980,,,,totalTestsViral,1736894,4544.0,,1407.0,,,,,B,5/27/2020 00:00,2020-05-27T00:00:00Z,05/26 20:00,3884.0,,2020-05-27T00:00:00Z,1736894,,,98980.0,,,,,,,,,,,,,,,06,2247,0,98980,40498,98980,70,0,dbf7ac247265e435a1c57f22117775504b0e2746,0,0,0,0,0,
20200526,CA,96733,,,,totalTestsViral,1696396,4404.0,,1392.0,,,,,B,5/26/2020 00:00,2020-05-26T00:00:00Z,05/25 20:00,3814.0,,2020-05-26T00:00:00Z,1696396,,,96733.0,,,,,,,,,,,,,,,06,2175,0,96733,52294,96733,19,0,5da272bc1cfb542419085ea41cced34f39689898,0,0,0,0,0,
20200525,CA,94558,,,,totalTestsViral,1644102,4306.0,,1301.0,,,,,B,5/25/2020 00:00,2020-05-25T00:00:00Z,05/24 20:00,3795.0,,2020-05-25T00:00:00Z,1644102,,,94558.0,,,,,,,,,,,,,,,06,1848,0,94558,61357,94558,21,0,1dc882049c0e793bd5b8a7b1f3729f3cd62cbc29,0,0,0,0,0,
20200524,CA,92710,,,,totalTestsViral,1582745,4300.0,,1315.0,,,,,B,5/24/2020 00:00,2020-05-24T00:00:00Z,05/23 20:00,3774.0,,2020-05-24T00:00:00Z,1582745,,,92710.0,,,,,,,,,,,,,,,06,2079,0,92710,67439,92710,66,0,ace61515e81bcc962cf1b042648e7c60600f7b03,0,0,0,0,0,
20200523,CA,90631,,,,totalTestsViral,1515306,4342.0,,1312.0,,,,,B,5/23/2020 00:00,2020-05-23T00:00:00Z,05/22 20:00,3708.0,,2020-05-23T00:00:00Z,1515306,,,90631.0,,,,,,,,,,,,,,,06,2187,0,90631,48533,90631,78,0,1123a3f1a4406c66904d8dea9019d06f3f28a4bb,0,0,0,0,0,
20200522,CA,88444,,,,totalTestsViral,1466773,4762.0,,1317.0,,,,,B,5/21/2020 00:00,2020-05-21T00:00:00Z,05/20 20:00,3630.0,,2020-05-21T00:00:00Z,1466773,,,88444.0,,,,,,,,,,,,,,,06,2247,0,88444,45646,88444,88,0,47181cae77ee0b5680f7893dc3ee89afa486e59b,0,0,0,0,0,
20200521,CA,86197,,,,totalTestsViral,1421127,4735.0,,1310.0,,,,,B,5/21/2020 00:00,2020-05-21T00:00:00Z,05/20 20:00,3542.0,,2020-05-21T00:00:00Z,1421127,,,86197.0,,,,,,,,,,,,,,,06,2140,0,86197,41007,86197,106,0,d9500a27069774857a18a2ee8056bb60fca96fca,0,0,0,0,0,
20200520,CA,84057,,,,totalTestsViral,1380120,4681.0,,1345.0,,,,,B,5/20/2020 00:00,2020-05-20T00:00:00Z,05/19 20:00,3436.0,,2020-05-20T00:00:00Z,1380120,,,84057.0,,,,,,,,,,,,,,,06,2262,0,84057,40804,84057,102,0,627b9c004c2d23c9b9f46f8e611fd5833f5d0557,0,0,0,0,0,
20200519,CA,81795,,,,totalTestsViral,1339316,4363.0,,1307.0,,,,,B,5/19/2020 00:00,2020-05-19T00:00:00Z,05/18 20:00,3334.0,,2020-05-19T00:00:00Z,1339316,,,81795.0,,,,,,,,,,,,,,,06,1365,0,81795,46644,81795,32,0,b017a06159cdf11d61cc4f2ddb45a2d52cce6b72,0,0,0,0,0,
20200518,CA,80430,,,,totalTestsViral,1292672,4391.0,,1325.0,,,,,B,5/17/2020 00:00,2020-05-17T00:00:00Z,05/16 20:00,3302.0,,2020-05-17T00:00:00Z,1292672,,,80430.0,,,,,,,,,,,,,,,06,1591,0,80430,57429,80430,41,0,432980d159e103190a189e28ba869037b096b45d,0,0,0,0,0,
20200517,CA,78839,,,,totalTestsViral,1235243,4291.0,,1293.0,,,,,B,5/17/2020 00:00,2020-05-17T00:00:00Z,05/16 20:00,3261.0,,2020-05-17T00:00:00Z,1235243,,,78839.0,,,,,,,,,,,,,,,06,2046,0,78839,56117,78839,57,0,2a27f5b9b0b0c7f5fb60288711547f5aa0b94a59,0,0,0,0,0,
20200516,CA,76793,,,,totalTestsViral,1179126,4424.0,,1313.0,,,,,B,5/16/2020 00:00,2020-05-16T00:00:00Z,05/15 20:00,3204.0,,2020-05-16T00:00:00Z,1179126,,,76793.0,,,,,,,,,,,,,,,06,1857,0,76793,45220,76793,96,0,180f1850f0247eaecb58638bea9b25c2ecba7b07,0,0,0,0,0,
20200515,CA,74936,,,,totalTestsViral,1133906,4519.0,,1324.0,,,,,B,5/14/2020 00:00,2020-05-14T00:00:00Z,05/13 20:00,3108.0,,2020-05-14T00:00:00Z,1133906,,,74936.0,,,,,,,,,,,,,,,06,1772,0,74936,29255,74936,76,0,3be9898a455d86cd76a737710ba63a835d7ebc7d,0,0,0,0,0,
20200514,CA,73164,,,,totalTestsViral,1104651,4655.0,,1324.0,,,,,B,5/14/2020 00:00,2020-05-14T00:00:00Z,05/13 20:00,3032.0,,2020-05-14T00:00:00Z,1104651,,,73164.0,,,,,,,,,,,,,,,06,2023,0,73164,39059,73164,98,0,78ce02ebcde7b8abc24d6ab8e02fbdecb04f0415,0,0,0,0,0,
20200513,CA,71141,,,,totalTestsViral,1065592,4545.0,,1314.0,,,,,B,5/13/2020 00:00,2020-05-13T00:00:00Z,05/12 20:00,2934.0,,2020-05-13T00:00:00Z,1065592,,,71141.0,,,,,,,,,,,,,,,06,1759,0,71141,32222,71141,87,0,3d42af84ee39a20069b533984635467bd9ac8ac3,0,0,0,0,0,
20200512,CA,69382,,,,totalTestsViral,1033370,4544.0,,1349.0,,,,,B,5/12/2020 00:00,2020-05-12T00:00:00Z,05/11 20:00,2847.0,,2020-05-12T00:00:00Z,1033370,,,69382.0,,,,,,,,,,,,,,,06,1443,0,69382,41473,69382,77,0,359c4dc05dbf3e41e8e21c3e0bb5cd1672ac08c0,0,0,0,0,0,
20200511,CA,67939,,,,totalTestsViral,991897,4549.0,,1329.0,,,,,B,5/11/2020 00:00,2020-05-11T00:00:00Z,05/10 20:00,2770.0,,2020-05-11T00:00:00Z,991897,,,67939.0,,,,,,,,,,,,,,,06,1259,0,67939,36233,67939,25,0,0725f2b6b695ef37ce424122817e45eaf09fc54d,0,0,0,0,0,
20200510,CA,66680,,,,totalTestsViral,955664,4555.0,,1328.0,,,,,B,5/10/2020 00:00,2020-05-10T00:00:00Z,05/09 20:00,2745.0,,2020-05-10T00:00:00Z,955664,,,66680.0,,,,,,,,,,,,,,,06,2119,0,66680,43094,66680,67,0,f6e10b12b9ec421f128deee773fbe02f26ba16c9,0,0,0,0,0,
20200509,CA,64561,,,,totalTestsViral,912570,4538.0,,1349.0,,,,,B,5/9/2020 14:00,2020-05-09T14:00:00Z,05/09 10:00,2678.0,,2020-05-09T14:00:00Z,912570,,,64561.0,,,,,,,,,,,,,,,06,2049,0,64561,37298,64561,93,0,85de8a8096a074d52f79e5abc42b88095e65ebd4,0,0,0,0,0,
20200508,CA,62512,,,,totalTestsViral,875272,4514.0,,1342.0,,,,,B,5/8/2020 14:00,2020-05-08T14:00:00Z,05/08 10:00,2585.0,,2020-05-08T14:00:00Z,875272,,,62512.0,,,,,,,,,,,,,,,06,1898,0,62512,32398,62512,81,0,16cc410b58bdfd66b0d2a0baf9f633eb7f4bca69,0,0,0,0,0,
20200507,CA,60614,,,,totalTestsViral,842874,4560.0,,1374.0,,,,,B,5/7/2020 14:00,2020-05-07T14:00:00Z,05/07 10:00,2504.0,,2020-05-07T14:00:00Z,842874,,,60614.0,,,,,,,,,,,,,,,06,1799,0,60614,33838,60614,92,0,3104e795493d07a66a200784da56ca7c3ca42bcf,0,0,0,0,0,
20200506,CA,58815,,,,totalTestsViral,809036,4681.0,,1415.0,,,,,B,5/5/2020 14:00,2020-05-05T14:00:00Z,05/05 10:00,2412.0,,2020-05-05T14:00:00Z,809036,,,58815.0,,,,,,,,,,,,,,,06,2603,0,58815,29134,58815,95,0,2b9b04339cdb9959b3f7105e8e512caa3ffcd24c,0,0,0,0,0,
20200505,CA,56212,,,,totalTestsViral,779902,4622.0,,1388.0,,,,,B,5/5/2020 14:00,2020-05-05T14:00:00Z,05/05 10:00,2317.0,,2020-05-05T14:00:00Z,779902,,,56212.0,,,,,,,,,,,,,,,06,1275,0,56212,32028,56212,63,0,32d16b41169bca49b602d26081a252a9bd6d7b2c,0,0,0,0,0,
20200504,CA,54937,,,,totalTestsViral,747874,4616.0,,1464.0,,,,,B,5/4/2020 14:00,2020-05-04T14:00:00Z,05/04 10:00,2254.0,,2020-05-04T14:00:00Z,747874,,,54937.0,,,,,,,,,,,,,,,06,1321,0,54937,32123,54937,39,0,15abbc610cd9a42e6211fa52d32b8145f3359a74,0,0,0,0,0,
20200503,CA,53616,,,,totalTestsViral,715751,4734.0,,1468.0,,,,,B,5/3/2020 14:00,2020-05-03T14:00:00Z,05/03 10:00,2215.0,,2020-05-03T14:00:00Z,715751,,,53616.0,,,,,,,,,,,,,,,06,1419,0,53616,30703,53616,44,0,1b3dd78174bb32f4f48b1006a3b77ee9e619fad1,0,0,0,0,0,
20200502,CA,52197,,,,totalTestsViral,685048,4722.0,,1433.0,,,,,B,5/1/2020 00:00,2020-05-01T00:00:00Z,04/30 20:00,2171.0,,2020-05-01T00:00:00Z,685048,,,52197.0,,,,,,,,,,,,,,,06,1755,0,52197,30063,52197,98,0,f78b9e25afe18f3d861587fc75a3986c11eb5ca1,0,0,0,0,0,
20200501,CA,50442,,,,totalTestsViral,654985,4706.0,,1434.0,,,,,B,4/30/2020 00:00,2020-04-30T00:00:00Z,04/29 20:00,2073.0,,2020-04-30T00:00:00Z,654985,,,50442.0,,,,,,,,,,,,,,,06,1525,0,50442,29648,50442,91,0,56991181d3c041cd00ee9498fe8d93fc58dced88,0,0,0,0,0,
20200430,CA,48917,,,,totalTestsViral,625337,4981.0,,1473.0,,,,,B,4/29/2020 00:00,2020-04-29T00:00:00Z,04/28 20:00,1982.0,,2020-04-29T00:00:00Z,625337,,,48917.0,,,,,,,,,,,,,,,06,2417,0,48917,22198,48917,95,0,06f06464700466b0013e4b865f1c9d91f2b33874,0,0,0,0,0,
20200429,CA,46500,,,,totalTestsViral,603139,5011.0,,1512.0,,,,,B,4/29/2020 00:00,2020-04-29T00:00:00Z,04/28 20:00,1887.0,,2020-04-29T00:00:00Z,603139,,,46500.0,,,,,,,,,,,,,,,06,1469,0,46500,25531,46500,78,0,a840140974ad93e8afa062a79faa8d2148bea314,0,0,0,0,0,
20200428,CA,45031,,,,totalTestsViral,577608,4983.0,,1485.0,,,,,B,4/27/2020 00:00,2020-04-27T00:00:00Z,04/26 20:00,1809.0,,2020-04-27T00:00:00Z,577608,,,,,,,,,,,,,,,,,,06,1567,0,45031,24199,45031,54,0,86aedd5471caae0c9aad14300b93c097899151d6,0,0,0,0,0,
20200427,CA,43464,,,,totalTestsViral,553409,4878.0,,1499.0,,,,,B,4/27/2020 00:00,2020-04-27T00:00:00Z,04/26 20:00,1755.0,,2020-04-27T00:00:00Z,553409,,,,,,,,,,,,,,,,,,06,1300,0,43464,27325,43464,45,0,bb0f81b903a1dc748bf62e55b04f526e85089b8b,0,0,0,0,0,
20200426,CA,42164,,,,totalTestsViral,526084,4928.0,,1473.0,,,,,B,4/25/2020 00:00,2020-04-25T00:00:00Z,04/24 20:00,1710.0,,2020-04-25T00:00:00Z,526084,,,,,,,,,,,,,,,,,,06,1027,0,42164,20049,42164,59,0,a4da92b0653985dcdbd6ec13ecff5cc936a524a7,0,0,0,0,0,
20200425,CA,41137,,,,totalTestsViral,506035,4847.0,,1458.0,,,,,B,4/23/2020 00:00,2020-04-23T00:00:00Z,04/22 20:00,1651.0,,2020-04-23T00:00:00Z,506035,,,,,,,,,,,,,,,,,,06,1883,0,41137,11862,41137,89,0,a8f185a96c9ec7964d79f7a09fbce24b1b588b0b,0,0,0,0,0,
20200424,CA,39254,,,,totalTestsViral,494173,4880.0,,1521.0,,,,,B,4/23/2020 00:00,2020-04-23T00:00:00Z,04/22 20:00,1562.0,,2020-04-23T00:00:00Z,494173,,,,,,,,,,,,,,,,,,06,1885,0,39254,12076,39254,93,0,8f3e5571f76df476b0269ba1fe594903c5788085,0,0,0,0,0,
20200423,CA,37369,,,,totalTestsViral,482097,4929.0,,1531.0,,,,,B,4/22/2020 00:00,2020-04-22T00:00:00Z,04/21 20:00,1469.0,,2020-04-22T00:00:00Z,482097,,,,,,,,,,,,,,,,,,06,1973,0,37369,16770,37369,115,0,5d8906d5601c2ddd909e40c3cd7dba0ba37b3bb5,0,0,0,0,0,
20200422,CA,35396,,,,totalTestsViral,465327,4984.0,,1551.0,,,,,B,4/21/2020 00:00,2020-04-21T00:00:00Z,04/20 20:00,1354.0,,2020-04-21T00:00:00Z,465327,,,,,,,,,,,,,,,,,,06,2135,-266839,35396,165227,35396,86,0,04816e658715df19217c25244d78110c5819db9e,0,0,0,0,0,
20200421,CA,33261,,266839.0,,totalTestsViral,300100,4886.0,,1502.0,,,,,B,4/21/2020 00:00,2020-04-21T00:00:00Z,04/20 20:00,1268.0,,2020-04-21T00:00:00Z,300100,,,,,,,,,,,,,,,,,,06,2283,7317,300100,9600,300100,60,0,facd9d7b18039887719f16cbef219290eb1f43da,0,0,0,0,0,
20200420,CA,30978,,259522.0,,totalTestsViral,290500,4674.0,,1480.0,,,,,B,4/19/2020 00:00,2020-04-19T00:00:00Z,04/18 20:00,1208.0,,2020-04-19T00:00:00Z,290500,,,,,,,,,,,,,,,,,,06,645,8955,290500,9600,290500,42,0,e28459ad3bba4e60dce457215846331bcdd76f21,0,0,0,0,0,
20200419,CA,30333,,250567.0,7200.0,totalTestsViral,280900,4731.0,,1457.0,,,,,B,4/18/2020 00:00,2020-04-18T00:00:00Z,04/17 20:00,1166.0,,2020-04-18T00:00:00Z,280900,,,,,,,,,,,,,,,,,,06,1370,19864,288100,21234,280900,94,0,b749aff4125a8501f5ce7b2f987969b0869298ef,0,0,0,0,0,
20200418,CA,28963,,230703.0,7200.0,totalTestsViral,259666,4936.0,,1490.0,,,,,B,4/17/2020 00:00,2020-04-17T00:00:00Z,04/16 20:00,1072.0,,2020-04-17T00:00:00Z,259666,,,,,,,,,,,,,,,,,,06,1435,6617,266866,8052,259666,87,0,a5130d5443222a00bb4652e555fa8d108801f680,0,0,0,0,0,
20200417,CA,27528,,224086.0,7200.0,totalTestsViral,251614,4892.0,,1484.0,,,,,B,4/17/2020 00:00,2020-04-17T00:00:00Z,04/16 20:00,985.0,,2020-04-17T00:00:00Z,251614,,,,,,,,,,,,,,,,,,06,1346,3868,258814,5214,251614,95,0,e227b9e302762df43f99b157c76cfbc184ed744a,0,0,0,0,0,
20200416,CA,26182,,220218.0,13200.0,totalTestsViral,246400,5031.0,,1568.0,,,,,B,4/15/2020 00:00,2020-04-15T00:00:00Z,04/14 20:00,890.0,,2020-04-15T00:00:00Z,246400,,,,,,,,,,,,,,,,,,06,1758,28156,259600,29914,246400,69,0,f40aae03d83fcf2a83bbaf1dc0bfc2bcab105269,0,0,0,0,0,
20200415,CA,24424,,192062.0,13200.0,totalTestsViral,216486,5163.0,,1175.0,,,,,B,4/14/2020 00:00,2020-04-14T00:00:00Z,04/13 20:00,821.0,,2020-04-14T00:00:00Z,216486,,,,,,,,,,,,,,,,,,06,1086,13192,229686,14278,216486,63,0,627d4d622b2485151f30605cf6ef3adc7ec1c365,0,0,0,0,0,
20200414,CA,23338,,178870.0,13200.0,totalTestsViral,202208,5163.0,,1552.0,,,,,B,4/13/2020 00:00,2020-04-13T00:00:00Z,04/12 20:00,758.0,,2020-04-13T00:00:00Z,202208,,,,,,,,,,,,,,,,,,06,990,10336,215408,11326,202208,71,0,bda8d0c96860a1c0c088b27e60e30b4aaa66be8d,0,0,0,0,0,
20200413,CA,22348,,168534.0,13200.0,totalTestsViral,190882,3015.0,,1178.0,,,,,B,4/12/2020 00:00,2020-04-12T00:00:00Z,04/11 20:00,687.0,,2020-04-12T00:00:00Z,190882,,,,,,,,,,,,,,,,,,06,554,0,204082,554,190882,36,0,4936d282b9d9afaa69df9c853b66d4819509065c,0,0,0,0,0,
20200412,CA,21794,,168534.0,13200.0,totalTestsViral,190328,5234.0,,1539.0,,,,,B,4/11/2020 00:00,2020-04-11T00:00:00Z,04/10 20:00,651.0,,2020-04-11T00:00:00Z,190328,,,,,,,,,,,,,,,,,,06,1179,15930,203528,17109,190328,42,0,89a81546a13e8429cd57530e3ccd9c85883a4ba3,0,0,0,0,0,
20200411,CA,20615,,152604.0,13200.0,totalTestsViral,173219,5236.0,,1591.0,,,,,B,4/9/2020 00:00,2020-04-09T00:00:00Z,04/08 20:00,609.0,,2020-04-09T00:00:00Z,173219,,,,,,,,,,,,,,,,,,06,1143,7213,186419,8356,173219,68,0,66cce843b01322fd21f970072ec4c5312b948e9c,0,0,0,0,0,
20200410,CA,19472,,145391.0,13900.0,totalTestsViral,164863,2897.0,,1145.0,,,,,B,4/9/2020 00:00,2020-04-09T00:00:00Z,04/08 20:00,541.0,,2020-04-09T00:00:00Z,164863,,,,,,,,,,,,,,,,,,06,1163,200,178763,1363,164863,49,0,ecd1fbe22614da7a3e51c44bb9c6d9cc0ca0cc9c,0,0,0,0,0,
20200409,CA,18309,,145191.0,14100.0,totalTestsViral,163500,2825.0,,1132.0,,,,,B,4/8/2020 19:00,2020-04-08T19:00:00Z,04/08 15:00,492.0,,2020-04-08T19:00:00Z,163500,,,,,,,,,,,,,,,,,,06,1352,17884,177600,19236,163500,50,0,04bdb958d2dd5380d6291de56be053abbbdf0aaf,0,0,0,0,0,
20200408,CA,16957,,127307.0,14600.0,totalTestsViral,144264,2714.0,,1154.0,,,,,B,4/7/2020 18:00,2020-04-07T18:00:00Z,04/07 14:00,442.0,,2020-04-07T18:00:00Z,144264,,,,,,,,,,,,,,,,,,06,1092,11943,158864,13035,144264,68,0,ad2ab93f31a5fd3be9777164dbb85781a24e6a3a,0,0,0,0,0,
20200407,CA,15865,,115364.0,14100.0,totalTestsViral,131229,2611.0,,1108.0,,,,,B,4/7/2020 18:00,2020-04-07T18:00:00Z,04/07 14:00,374.0,,2020-04-07T18:00:00Z,131229,,,,,,,,,,,,,,,,,,06,1529,12269,145329,13798,131229,31,0,24b2d9726522f9541e9cecd1bb4d8b04a4d188cc,0,0,0,0,0,
20200406,CA,14336,,103095.0,15000.0,totalTestsViral,117431,2509.0,,1085.0,,,,,B,4/6/2020 00:00,2020-04-06T00:00:00Z,04/05 20:00,343.0,,2020-04-06T00:00:00Z,117431,,,,,,,,,,,,,,,,,,06,898,0,132431,898,117431,24,0,43af9c674e8849ab568358e013714d4bf5ac17a1,0,0,0,0,0,
20200405,CA,13438,,103095.0,15000.0,totalTestsViral,116533,2398.0,,1040.0,,,,,B,4/4/2020 00:00,2020-04-04T00:00:00Z,04/03 20:00,319.0,,2020-04-04T00:00:00Z,116533,,,,,,,,,,,,,,,,,,06,1412,1421,131533,2833,116533,43,0,bc708a9a6f90e3de3833facdaa707e4677ca31ce,0,0,0,0,0,
20200404,CA,12026,,101674.0,13000.0,totalTestsViral,113700,2300.0,,1008.0,,,,,B,4/2/2020 00:00,2020-04-02T00:00:00Z,04/01 20:00,276.0,,2020-04-02T00:00:00Z,113700,,,,,,,,,,,,,,,,,,06,1325,77075,126700,78400,113700,39,0,4f068ee5b6b1cc6e6c3e403fa20221d360e9ccc9,0,0,0,0,0,
20200403,CA,10701,,24599.0,59500.0,totalTestsViral,35300,2188.0,,901.0,,,,,B,4/2/2020 00:00,2020-04-02T00:00:00Z,04/01 20:00,237.0,,2020-04-02T00:00:00Z,35300,,,,,,,,,,,,,,,,,,06,1510,790,94800,2300,35300,34,0,34677cf02c1c4f4acecafe72192c9fc2d012eea0,0,0,0,0,0,
20200402,CA,9191,,23809.0,59500.0,totalTestsViral,33000,1922.0,,816.0,,,,,B,4/2/2020 00:00,2020-04-02T00:00:00Z,04/01 20:00,203.0,,2020-04-02T00:00:00Z,33000,,,,,,,,,,,,,,,,,,06,1036,2037,92500,3073,33000,32,0,cbaf098ea8ac1fae04e7b8e20295f503cb1cede4,0,0,0,0,0,
20200401,CA,8155,,21772.0,57400.0,totalTestsViral,29927,1855.0,,774.0,,,,,B,3/31/2020 00:00,2020-03-31T00:00:00Z,03/30 20:00,171.0,,2020-03-31T00:00:00Z,29927,,,,,,,,,,,,,,,,,,06,673,0,87327,673,29927,18,0,1b79fe8a46355c3f1692b6d11f7c4ccf124be7c3,0,0,0,0,0,
20200331,CA,7482,,21772.0,57400.0,totalTestsViral,29254,1617.0,,657.0,,,,,B,3/31/2020 16:00,2020-03-31T16:00:00Z,03/31 12:00,153.0,,2020-03-31T16:00:00Z,29254,,,,,,,,,,,,,,,,,,06,1035,1223,86654,2258,29254,20,0,67a72d0acacd010b307625bae033b9d45010a440,0,0,0,0,0,
20200330,CA,6447,,20549.0,64400.0,totalTestsViral,26996,1432.0,,597.0,,,,,B,3/30/2020 00:00,2020-03-30T00:00:00Z,03/29 20:00,133.0,,2020-03-30T00:00:00Z,26996,,,,,,,,,,,,,,,,,,06,739,0,91396,739,26996,10,0,88bd34e76e5c3ad72b45ba38bed380117c2d763a,0,0,0,0,0,
20200329,CA,5708,,20549.0,64400.0,totalTestsViral,26257,1034.0,,410.0,,,,,B,3/29/2020 14:18,2020-03-29T14:18:00Z,03/29 10:18,123.0,,2020-03-29T14:18:00Z,26257,,,,,,,,,,,,,,,,,,06,1065,0,90657,1065,26257,22,0,5fd517e3621b7a828cea4d7043e891b03c87c32f,0,0,0,0,0,
20200328,CA,4643,,20549.0,64400.0,totalTestsViral,25192,1034.0,,410.0,,,,,B,3/27/2020 17:00,2020-03-27T17:00:00Z,03/27 13:00,101.0,,2020-03-27T17:00:00Z,25192,,,,,,,,,,,,,,,,,,06,764,3169,89592,3933,25192,23,0,7efed2d4b048a436e469d3057c12761e7fed26a7,0,0,0,0,0,
20200327,CA,3879,,17380.0,57400.0,totalTestsViral,21259,746.0,,200.0,,,,,B,3/27/2020 00:00,2020-03-27T00:00:00Z,03/26 20:00,78.0,,2020-03-27T00:00:00Z,21259,,,,,,,,,,,,,,,,,,06,873,0,78659,873,21259,13,0,0faadd57d98ea5477e5a6e94cd27a70a5ceeb0ea,0,0,0,0,0,
20200326,CA,3006,,17380.0,57400.0,totalTestsViral,20386,,,,,,,,B,3/25/2020 17:00,2020-03-25T17:00:00Z,03/25 13:00,65.0,,2020-03-25T17:00:00Z,20386,,,,,,,,,,,,,,,,,,06,651,1459,77786,2110,20386,12,0,30f0b687c0106a1250ddc1ee3fa1d9642b8e6167,0,0,0,0,0,
20200325,CA,2355,,15921.0,48600.0,totalTestsViral,18276,,,,,,,,B,3/24/2020 00:00,2020-03-24T00:00:00Z,03/23 20:00,53.0,,2020-03-24T00:00:00Z,18276,,,,,,,,,,,,,,,,,,06,253,2469,66876,2722,18276,13,0,24d89c718919cdedd3e78984f08a35f423e72900,0,0,0,0,0,
20200324,CA,2102,,13452.0,12100.0,totalTestsViral,15554,,,,,,,,B,3/24/2020 00:00,2020-03-24T00:00:00Z,03/23 20:00,40.0,,2020-03-24T00:00:00Z,15554,,,,,,,,,,,,,,,,,,06,369,885,27654,1254,15554,13,0,c479a16cb02407d7944368081a59b2bfd33d9e34,0,0,0,0,0,
20200323,CA,1733,,12567.0,12100.0,totalTestsViral,14300,,,,,,,,B,3/23/2020 00:00,2020-03-23T00:00:00Z,03/22 20:00,27.0,,2020-03-23T00:00:00Z,14300,,,,,,,,,,,,,,,,,,06,197,1263,26400,1460,14300,0,0,4ae068f1941348e23d06a15c468625e5c15ebaac,0,0,0,0,0,
20200322,CA,1536,,11304.0,,totalTestsViral,12840,,,,,,,,,3/22/2020 13:34,2020-03-22T13:34:00Z,03/22 09:34,27.0,,2020-03-22T13:34:00Z,12840,,,,,,,,,,,,,,,,,,06,257,55,12840,312,12840,3,0,a505dee15a4b61dc6a988ee325d40e8655d73914,0,0,0,0,0,
20200321,CA,1279,,11249.0,,totalTestsViral,12528,,,,,,,,,3/21/2020 00:00,2020-03-21T00:00:00Z,03/20 20:00,24.0,,2020-03-21T00:00:00Z,12528,,,,,,,,,,,,,,,,,,06,216,825,12528,1041,12528,4,0,05ffafe268d77d261ac1ef6f929d0c92a97f9681,0,0,0,0,0,
20200320,CA,1063,,10424.0,,totalTestsViral,11487,,,,,,,,,3/20/2020 14:41,2020-03-20T14:41:00Z,03/20 10:41,20.0,,2020-03-20T14:41:00Z,11487,,,,,,,,,,,,,,,,,,06,139,1637,11487,1776,11487,2,0,0954fe601e75e7b0fb80dec6da77ca30e5276e58,0,0,0,0,0,
20200319,CA,924,,8787.0,,totalTestsViral,9711,,,,,,,,,3/19/2020 14:25,2020-03-19T14:25:00Z,03/19 10:25,18.0,,2020-03-19T14:25:00Z,9711,,,,,,,,,,,,,,,,,,06,313,806,9711,1119,9711,5,0,e02d2afc857ee1a23d38c6bc83383e00821d4698,0,0,0,0,0,
20200318,CA,611,,7981.0,,totalTestsViral,8592,,,,,,,,,3/17/2020 21:00,2020-03-17T21:00:00Z,03/17 17:00,13.0,,2020-03-17T21:00:00Z,8592,,,,,,,,,,,,,,,,,,06,128,0,8592,128,8592,2,0,df1296e9fc5d7b274a8a7f21091fe072cadb1a32,0,0,0,0,0,
20200317,CA,483,,7981.0,,totalTestsViral,8464,,,,,,,,,3/16/2020 21:00,2020-03-16T21:00:00Z,03/16 17:00,11.0,,2020-03-16T21:00:00Z,8464,,,,,,,,,,,,,,,,,,06,148,0,8464,148,8464,5,0,b2533e927935172f250a60400c5db4e6b4bd169b,0,0,0,0,0,
20200316,CA,335,,7981.0,,totalTestsViral,8316,,,,,,,,,3/16/2020 15:10,2020-03-16T15:10:00Z,03/16 11:10,6.0,,2020-03-16T15:10:00Z,8316,,,,,,,,,,,,,,,,,,06,42,7065,8316,7107,8316,1,0,828cb75f5a749b506e9aaa3afe9d8cd44b698e85,0,0,0,0,0,
20200315,CA,293,,916.0,,totalTestsViral,1209,,,,,,,,,3/14/2020 11:00,2020-03-14T11:00:00Z,03/14 07:00,5.0,,2020-03-14T11:00:00Z,1209,,,,,,,,,,,,,,,,,,06,41,0,1209,41,1209,0,0,af052723fdd12cb0eba410532eba1f674198e3ed,0,0,0,0,0,
20200314,CA,252,,916.0,,totalTestsViral,1168,,,,,,,,,3/13/2020 11:00,2020-03-13T11:00:00Z,03/13 07:00,5.0,,2020-03-13T11:00:00Z,1168,,,,,,,,,,,,,,,,,,06,50,0,1168,50,1168,1,0,f72c453929d008faf215eeaa68487e7c88097cb7,0,0,0,0,0,
20200313,CA,202,,916.0,,totalTestsViral,1118,,,,,,,,,3/12/2020 10:00,2020-03-12T10:00:00Z,03/12 06:00,4.0,,2020-03-12T10:00:00Z,1118,,,,,,,,,,,,,,,,,,06,0,0,1118,0,1118,0,0,9802a76cf161bc3bc63bec142339f12b43a91412,0,0,0,0,0,
20200312,CA,202,,916.0,,totalTestsViral,1118,,,,,,,,,3/12/2020 10:00,2020-03-12T10:00:00Z,03/12 06:00,4.0,,2020-03-12T10:00:00Z,1118,,,,,,,,,,,,,,,,,,06,45,0,1118,45,1118,4,0,fac49ad4ce279d856b3a5f939ccd36f37aa78175,0,0,0,0,0,
20200311,CA,157,,916.0,,totalTestsViral,1073,,,,,,,,,,,,,,,1073,,,,,,,,,,,,,,,,,,06,24,226,1073,250,1073,0,0,a3279ab034aadce523961f11bc1ccb92707d90ad,0,0,0,0,0,
20200310,CA,133,,690.0,,totalTestsViral,823,,,,,,,,,,,,,,,823,,,,,,,,,,,,,,,,,,06,19,0,823,19,823,0,0,2a027f216071348bfb91107b1c663827bafe0e96,0,0,0,0,0,
20200309,CA,114,,690.0,,totalTestsViral,804,,,,,,,,,,,,,,,804,,,,,,,,,,,,,,,,,,06,26,228,804,254,804,0,0,fe5460c67dae18ae3159660c18d88eeaf437da9b,0,0,0,0,0,
20200308,CA,88,,462.0,,totalTestsViral,550,,,,,,,,,,,,,,,550,,,,,,,,,,,,,,,,,,06,19,0,550,19,550,0,0,f4b563adfd7eb6ca42789ae99d3b0f7bad4e2913,0,0,0,0,0,
20200307,CA,69,,462.0,,totalTestsViral,531,,,,,,,,,,,,,,,531,,,,,,,,,,,,,,,,,,06,9,0,531,9,531,0,0,460b13c43b9f5ac14cef25a0a4143e666e84e9fc,0,0,0,0,0,
20200306,CA,60,,462.0,,totalTestsViral,522,,,,,,,,,,,,,,,522,,,,,,,,,,,,,,,,,,06,7,0,522,7,522,0,0,5dcb4e2356df148513671071860ec5a059dc6de1,0,0,0,0,0,
20200305,CA,53,,462.0,,totalTestsViral,515,,,,,,,,,,,,,,,515,,,,,,,,,,,,,,,,,,06,0,0,515,0,515,0,0,d3243f8be7b1c96e093dbeab8d271ff7ffe58a8a,0,0,0,0,0,
20200304,CA,53,,462.0,,totalTestsViral,515,,,,,,,,,,,,,,,515,,,,,,,,,,,,,,,,,,06,0,0,515,0,515,0,0,aa361b70e8d21881b07d9cd5a11d86c377920af2,0,0,0,0,0,
