date,states,positive,negative,pending,hospitalizedCurrently,hospitalizedCumulative,inIcuCurrently,inIcuCumulative,onVentilatorCurrently,onVentilatorCumulative,dateChecked,death,hospitalized,totalTestResults,lastModified,recovered,total,posNeg,deathIncrease,hospitalizedIncrease,negativeIncrease,positiveIncrease,totalTestResultsIncrease,hash
20210204,56,26455629.0,118405439.0,11914.0,88668.0,819380.0,17918.0,42472.0,5732.0,4059.0,2021-02-04T24:00:00Z,446134.0,819380.0,318604926,2021-02-04T24:00:00Z,,0,0,5212,3402,518526,123907,1678444,c90621bc51e1e4284915d8ecfd479dbc91020299
20210203,56,26331722.0,117886913.0,12077.0,91440.0,815978.0,18147.0,42323.0,5920.0,4044.0,2021-02-03T24:00:00Z,440922.0,815978.0,316926482,2021-02-03T24:00:00Z,,0,0,3685,3975,487679,116960,1442998,f4b89b20a910d652d3e765170ef8bcdd4107d341
20210202,56,26214762.0,117399234.0,10590.0,92880.0,812003.0,18388.0,42148.0,6047.0,4035.0,2021-02-02T24:00:00Z,437237.0,812003.0,315483484,2021-02-02T24:00:00Z,,0,0,3486,3285,361311,117616,1402996,b198a947d89d3165f720a746b43f52886f5b88a1
20210201,56,26097146.0,117037923.0,11957.0,93536.0,808718.0,18572.0,41998.0,6086.0,4025.0,2021-02-01T24:00:00Z,433751.0,808718.0,314080488,2021-02-01T24:00:00Z,,0,0,1562,1766,649106,120200,1633780,1c46e2517f427137e2f3317b7c86eacbe4d45e9b
20210131,56,25976946.0,116388817.0,12007.0,95013.0,806952.0,18968.0,41934.0,6291.0,4019.0,2021-01-31T24:00:00Z,432189.0,806952.0,312446708,2021-01-31T24:00:00Z,,0,0,2059,2171,421100,119367,1716062,b29b19e7c1249ba749238efe9f36d6baa88b614a
20210130,56,25857579.0,115967717.0,11986.0,97561.0,804781.0,19130.0,41872.0,6329.0,4016.0,2021-01-30T24:00:00Z,430130.0,804781.0,310730646,2021-01-30T24:00:00Z,,0,0,2982,3147,529064,148824,2157704,bad36339c313c423c621debf86a72763317d2261
20210129,56,25708755.0,115438653.0,12400.0,101003.0,801634.0,19609.0,41758.0,6483.0,4011.0,2021-01-29T24:00:00Z,427148.0,801634.0,308572942,2021-01-29T24:00:00Z,,0,0,3503,2835,605845,167111,1952298,7272d29bf10115fb78e78502c02d26c16c1682dc
20210128,56,25541644.0,114832808.0,12095.0,104303.0,798799.0,20113.0,41588.0,6642.0,4000.0,2021-01-28T24:00:00Z,423645.0,798799.0,306620644,2021-01-28T24:00:00Z,,0,0,4011,3500,578279,157306,1951285,8f5102b783a2636b2a7d307505357d320b24c1af
20210127,56,25384338.0,114254529.0,11972.0,107444.0,795299.0,20497.0,41402.0,6806.0,3985.0,2021-01-27T24:00:00Z,419634.0,795299.0,304669359,2021-01-27T24:00:00Z,,0,0,4077,4134,518507,153985,1654456,007c072db73c3ee9cdd3f3fc4238f396f2a5c129
20210126,56,25230353.0,113736022.0,9879.0,108960.0,791165.0,20573.0,41205.0,6832.0,3976.0,2021-01-26T24:00:00Z,415557.0,791165.0,303014903,2021-01-26T24:00:00Z,,0,0,3734,3705,565751,146448,1725082,e3ad72b42bd6a457d021cd2beffad0a95a818b84
20210125,56,25083905.0,113170271.0,10963.0,109936.0,787460.0,20875.0,41028.0,6857.0,3949.0,2021-01-25T24:00:00Z,411823.0,787460.0,301289821,2021-01-25T24:00:00Z,,0,0,1593,2515,535497,133454,1720880,f1b4fd60c08ac5b8f4f094bc90df0d358690c612
20210124,56,24950451.0,112634774.0,10892.0,110628.0,784945.0,21168.0,40931.0,6989.0,3943.0,2021-01-24T24:00:00Z,410230.0,784945.0,299568941,2021-01-24T24:00:00Z,,0,0,1944,1909,412763,144234,1764476,cd00391b5eb282c4f12c9ea68f858c03da64b5d8
20210123,56,24806217.0,112222011.0,10864.0,113609.0,783036.0,21657.0,40853.0,7110.0,3941.0,2021-01-23T24:00:00Z,408286.0,783036.0,297804465,2021-01-23T24:00:00Z,,0,0,3591,6652,559167,177118,1968395,1c9d7d376f694ce65b6e90b7136fa1d011c4bd92
20210122,56,24629099.0,111662844.0,11247.0,116264.0,776384.0,22008.0,40687.0,7236.0,3919.0,2021-01-22T24:00:00Z,404695.0,776384.0,295836070,2021-01-22T24:00:00Z,,0,0,3980,4325,627979,190915,2032714,47442af05c033dbf9ef6aa8949465371be33278a
20210121,56,24438184.0,111034865.0,10907.0,119949.0,772059.0,22309.0,40481.0,7370.0,3910.0,2021-01-21T24:00:00Z,400715.0,772059.0,293803356,2021-01-21T24:00:00Z,,0,0,3878,4053,574713,186275,1935268,424fb7f4cce38f6e7d6b2bc7ce4144e33ddb7216
20210120,56,24251909.0,110460152.0,10841.0,122700.0,768006.0,22809.0,40340.0,7564.0,3897.0,2021-01-20T24:00:00Z,396837.0,768006.0,291868088,2021-01-20T24:00:00Z,,0,0,4409,5105,558282,189203,1823829,def5d411aeb485537890818303c94bbda7de7b48
20210119,56,24062706.0,109901870.0,10472.0,123820.0,762901.0,23029.0,40103.0,7688.0,3883.0,2021-01-19T24:00:00Z,392428.0,762901.0,290044259,2021-01-19T24:00:00Z,,0,0,2141,3206,646314,146626,1727996,f0ad57e23e6ca1cd7d1830d542d0d9fca1d17404
20210118,56,23916080.0,109255556.0,11477.0,123848.0,759695.0,23226.0,39973.0,7772.0,3865.0,2021-01-18T24:00:00Z,390287.0,759695.0,288316263,2021-01-18T24:00:00Z,,0,0,1395,2839,766315,150792,2115985,21a264753b735353f68f4535ee6db4b7a4a2740f
20210117,56,23765288.0,108489241.0,11404.0,124387.0,756856.0,23432.0,39864.0,7797.0,3860.0,2021-01-17T24:00:00Z,388892.0,756856.0,286200278,2021-01-17T24:00:00Z,,0,0,2053,2167,490957,187218,1892881,59fdbd3370ea32858e4285fac7cf3bacef41ef3a
20210116,56,23578070.0,107998284.0,11334.0,126139.0,754689.0,23524.0,39797.0,7755.0,3858.0,2021-01-16T24:00:00Z,386839.0,754689.0,284307397,2021-01-16T24:00:00Z,,0,0,3709,4039,507306,218085,2078818,8311ada4198a8a9dddf9679fa39066d5cb2bcde0
20210115,56,23359985.0,107490978.0,11948.0,127235.0,750650.0,23593.0,39626.0,7772.0,3845.0,2021-01-15T24:00:00Z,383130.0,750650.0,282228579,2021-01-15T24:00:00Z,,0,0,3679,4000,713021,246454,2322266,a1a5961d1cfae529ae8b88f0822eeb7236c3cd20
20210114,56,23113531.0,106777957.0,12138.0,128947.0,746650.0,23891.0,39418.0,7878.0,3829.0,2021-01-14T24:00:00Z,379451.0,746650.0,279906313,2021-01-14T24:00:00Z,,0,0,3915,3792,621766,225616,2043945,93fb87c69ef04d5e4e9976dfbd0a798561b8f22e
20210113,56,22887915.0,106156191.0,10942.0,130391.0,742858.0,23857.0,39248.0,7902.0,3811.0,2021-01-13T24:00:00Z,375536.0,742858.0,277862368,2021-01-13T24:00:00Z,,0,0,4087,5312,485436,224491,1839630,fa542a57e0e23f39841a620c34f41a32c283d035
20210112,56,22663424.0,105670755.0,9181.0,131326.0,737546.0,23881.0,39049.0,7879.0,3796.0,2021-01-12T24:00:00Z,371449.0,737546.0,276022738,2021-01-12T24:00:00Z,,0,0,4064,4657,677831,218020,1958786,1b57cc3bed8a650d6f70afd8e3c66dd07b625c46
20210111,56,22445404.0,104992924.0,11039.0,129793.0,732889.0,23501.0,38823.0,7786.0,3773.0,2021-01-11T24:00:00Z,367385.0,732889.0,274063952,2021-01-11T24:00:00Z,,0,0,1733,3045,633776,195255,1867076,3364aa7ba3e13956eae0a713b893bd6643416262
20210110,56,22250149.0,104359148.0,10957.0,129223.0,729844.0,23640.0,38706.0,7878.0,3771.0,2021-01-10T24:00:00Z,365652.0,729844.0,272196876,2021-01-10T24:00:00Z,,0,0,2068,2413,464420,228732,2024548,893592eca63d94f8096ac7962cdf4761a4d28ce2
20210109,56,22021417.0,103894728.0,10850.0,130781.0,727431.0,23718.0,38607.0,7791.0,3767.0,2021-01-09T24:00:00Z,363584.0,727431.0,270172328,2021-01-09T24:00:00Z,,0,0,3537,6683,569537,269368,2111681,ac1a7526d2993505f662253fb70911e28f9889f4
20210108,56,21752049.0,103325191.0,11633.0,131921.0,720748.0,23912.0,38432.0,7908.0,3756.0,2021-01-08T24:00:00Z,360047.0,720748.0,268060647,2021-01-08T24:00:00Z,,0,0,3780,4705,675322,295121,2163546,debcd9b1c897012d669528a87277542ffc5c5b27
20210107,56,21456928.0,102649869.0,11612.0,132370.0,716043.0,23821.0,38236.0,7900.0,3748.0,2021-01-07T24:00:00Z,356267.0,716043.0,265897101,2021-01-07T24:00:00Z,,0,0,4079,5312,573875,272043,1946262,2dbfeeb3785c36ecbe9147c3e1c6a4b0d2ef4be9
20210106,56,21184885.0,102075994.0,10062.0,132474.0,710731.0,23708.0,38064.0,7946.0,3739.0,2021-01-06T24:00:00Z,352188.0,710731.0,263950839,2021-01-06T24:00:00Z,,0,0,3902,6607,493339,250184,1638284,260f5908a73c754cd8e662c0ac8400e89c55ceff
20210105,56,20934701.0,101582655.0,8008.0,131195.0,704124.0,23509.0,37841.0,7976.0,3718.0,2021-01-05T24:00:00Z,348286.0,704124.0,262312555,2021-01-05T24:00:00Z,,0,0,3484,4290,677123,219075,1714814,faa878f6996bf21b0247516df95db6e3af097d95
20210104,56,20715626.0,100905532.0,9463.0,128210.0,699834.0,23435.0,37586.0,7930.0,3692.0,2021-01-04T24:00:00Z,344802.0,699834.0,260597741,2021-01-04T24:00:00Z,,0,0,1547,3892,527737,179571,1581745,cb2e7c094052d9846ae46bc6d3f6415d9b3cfad5
20210103,56,20536055.0,100377795.0,9407.0,125562.0,695942.0,23243.0,37433.0,7939.0,3688.0,2021-01-03T24:00:00Z,343255.0,695942.0,259015996,2021-01-03T24:00:00Z,,0,0,1455,2226,334242,208457,1429565,3252911ed7e2d2b3e9c6c638c3c2b2212b6c7c7e
20210102,56,20327598.0,100043553.0,9356.0,123614.0,693716.0,23133.0,37309.0,7910.0,3684.0,2021-01-02T24:00:00Z,341800.0,693716.0,257586431,2021-01-02T24:00:00Z,,0,0,2406,3051,537726,280318,2104010,c8a59a925657030f42c131a9fcb174bf7043089f
20210101,56,20047280.0,99505827.0,11506.0,125047.0,690665.0,23255.0,37196.0,7990.0,3681.0,2021-01-01T24:00:00Z,339394.0,690665.0,255482421,2021-01-01T24:00:00Z,,0,0,2592,4550,312567,182906,1395406,fd9f43499db836903cc48375b01e872f01b0a730
20201231,56,19864374.0,99193260.0,14931.0,125423.0,686115.0,23097.0,37066.0,8004.0,3672.0,2020-12-31T24:00:00Z,336802.0,686115.0,254087015,2020-12-31T24:00:00Z,,0,0,3297,4348,496939,226246,1785816,49f0d99b3cb4b14898ee758187ded85d34e0c78c
20201230,56,19638128.0,98696321.0,14200.0,125220.0,681767.0,23069.0,36855.0,7930.0,3653.0,2020-12-30T24:00:00Z,333505.0,681767.0,252301199,2020-12-30T24:00:00Z,,0,0,3900,5514,418642,229496,1568065,739df3723d2f9fc868c204e1173c5edb0775f128
20201229,56,19408632.0,98277679.0,9939.0,124686.0,676253.0,22838.0,36583.0,7885.0,3635.0,2020-12-29T24:00:00Z,329605.0,676253.0,250733134,2020-12-29T24:00:00Z,,0,0,3289,5261,349252,199679,1322227,e945bc9aaeb9944f963c187bc8d3fa2751db32e8
20201228,56,19208953.0,97928427.0,10365.0,121202.0,670992.0,22579.0,36308.0,7948.0,3612.0,2020-12-28T24:00:00Z,326316.0,670992.0,249410907,2020-12-28T24:00:00Z,,0,0,1490,3723,623308,164127,1493296,6045c740128d6689b0c1bbe89e9ff9b326010032
20201227,56,19044826.0,97305119.0,10280.0,118720.0,667269.0,22447.0,36164.0,7878.0,3604.0,2020-12-27T24:00:00Z,324826.0,667269.0,247917611,2020-12-27T24:00:00Z,,0,0,1397,2302,297044,153540,1370750,41d9b398acb1a0f2f2a51970043229ec8aa1d99e
20201226,56,18891286.0,97008075.0,10229.0,117344.0,664967.0,22373.0,36038.0,7809.0,3593.0,2020-12-26T24:00:00Z,323429.0,664967.0,246546861,2020-12-26T24:00:00Z,,0,0,1426,2292,659398,190594,2157580,ba9e01d945bcadd3a972344eb7cfb5fe91bf1d40
20201225,56,18700692.0,96348677.0,10214.0,118948.0,662675.0,22418.0,35945.0,7831.0,3592.0,2020-12-25T24:00:00Z,322003.0,662675.0,244389281,2020-12-25T24:00:00Z,,0,0,1553,2047,310214,126796,1416144,1fa3ab393d3076e26ba6fa975cc08be90726f7c2
20201224,56,18573896.0,96038463.0,14410.0,120200.0,660628.0,22623.0,35899.0,7792.0,3587.0,2020-12-24T24:00:00Z,320450.0,660628.0,242973137,2020-12-24T24:00:00Z,,0,0,2958,4289,506039,206684,1972862,d5b7e464b02ed5dee5eb7da5b852c17a16d5a780
20201223,56,18367212.0,95532424.0,13784.0,119463.0,656339.0,22489.0,35695.0,7819.0,3579.0,2020-12-23T24:00:00Z,317492.0,656339.0,241000275,2020-12-23T24:00:00Z,,0,0,3393,4795,527370,224526,1780319,4914f06f3ba21303b9b44b87bf4b352211007ef7
20201222,56,18142686.0,95005054.0,9934.0,117777.0,651544.0,22213.0,35428.0,7830.0,3554.0,2020-12-22T24:00:00Z,314099.0,651544.0,239219956,2020-12-22T24:00:00Z,,0,0,3137,4567,478685,193008,1758089,269d843171e24db01c44c165cd4510b4827342ef
20201221,56,17949678.0,94526369.0,12425.0,115358.0,646977.0,21884.0,35178.0,7783.0,3539.0,2020-12-21T24:00:00Z,310962.0,646977.0,237461867,2020-12-21T24:00:00Z,,0,0,1480,3111,814028,179406,2055232,0e023a08037b11f1f4f3d0d227edd90d0e7e1778
20201220,56,17770272.0,93712341.0,12410.0,113601.0,643866.0,21763.0,35030.0,7695.0,3530.0,2020-12-20T24:00:00Z,309482.0,643866.0,235406635,2020-12-20T24:00:00Z,,0,0,1668,2382,455908,197494,1822941,d2bcb7710b97a62fde2b6ca85a7f0f5b1387a52e
20201219,56,17572778.0,93256433.0,12420.0,113914.0,641484.0,21692.0,34949.0,7786.0,3529.0,2020-12-19T24:00:00Z,307814.0,641484.0,233583694,2020-12-19T24:00:00Z,,0,0,2708,3429,445160,204873,1804785,3e4c4c355bb187b86e4515f8fc1f7ec73f7db992
20201218,56,17367905.0,92811273.0,13454.0,113955.0,638055.0,21745.0,34716.0,7786.0,3519.0,2020-12-18T24:00:00Z,305106.0,638055.0,231778909,2020-12-18T24:00:00Z,,0,0,2866,5214,805210,241786,2239938,811e8f79d0007a037d20294def6016ccd8bc2c54
20201217,56,17126119.0,92006063.0,13003.0,114492.0,632841.0,21912.0,34485.0,7848.0,3504.0,2020-12-17T24:00:00Z,302240.0,632841.0,229538971,2020-12-17T24:00:00Z,,0,0,3465,5167,531036,242970,1901868,38ab92f91a5ffd6d2a7261c18022f17a86f807a6
20201216,56,16883149.0,91475027.0,12843.0,113257.0,627674.0,21943.0,34237.0,7782.0,3488.0,2020-12-16T24:00:00Z,298775.0,627674.0,227637103,2020-12-16T24:00:00Z,,0,0,3453,4776,582624,234288,1840315,ff341679140efd3f9adf4376ea0b18e7f294c744
20201215,56,16648861.0,90892403.0,9693.0,112816.0,622898.0,21897.0,33958.0,7702.0,3460.0,2020-12-15T24:00:00Z,295322.0,622898.0,225796788,2020-12-15T24:00:00Z,,0,0,2924,4430,588741,193218,1832328,5b839db1f621420f4a73707769527f8eda30be05
20201214,56,16455643.0,90303662.0,11448.0,110573.0,618468.0,21458.0,33693.0,7699.0,3442.0,2020-12-14T24:00:00Z,292398.0,618468.0,223964460,2020-12-14T24:00:00Z,,0,0,1357,3461,862069,193286,2127481,f2e8f52c46f448954a78c3d204c0987dc3c6b37a
20201213,56,16262357.0,89441593.0,11382.0,109298.0,615007.0,21230.0,33494.0,7535.0,3432.0,2020-12-13T24:00:00Z,291041.0,615007.0,221836979,2020-12-13T24:00:00Z,,0,0,1501,2314,513763,187251,1812446,2bf1932efb696cca9be4993f5cfbbdbfd1659a81
20201212,56,16075106.0,88927830.0,11345.0,108461.0,612693.0,21198.0,33419.0,7515.0,3430.0,2020-12-12T24:00:00Z,289540.0,612693.0,220024533,2020-12-12T24:00:00Z,,0,0,2497,3789,484998,226904,1874905,4469aa9f00f099abdd4bced8bc50f936800ea4cc
20201211,56,15848202.0,88442832.0,13421.0,108101.0,608904.0,21012.0,33237.0,7488.0,3424.0,2020-12-11T24:00:00Z,287043.0,608904.0,218149628,2020-12-11T24:00:00Z,,0,0,2747,5411,737772,236933,2022167,14e3ddada1a6f8c7feae983cc60586392a18cae3
20201210,56,15611269.0,87705060.0,12409.0,107300.0,603493.0,21024.0,32919.0,7444.0,3394.0,2020-12-10T24:00:00Z,284296.0,603493.0,216127461,2020-12-10T24:00:00Z,,0,0,3132,4450,588528,220846,1928971,d0f95aa6feab574de302dcb9a2b1ad6642994f94
20201209,56,15390423.0,87116532.0,13186.0,106671.0,599043.0,20903.0,32720.0,7621.0,3376.0,2020-12-09T24:00:00Z,281164.0,599043.0,214198490,2020-12-09T24:00:00Z,,0,0,3169,5300,639996,216728,1837404,838c2419b677d9467221995f94238e24628b3eb5
20201208,56,15173695.0,86476536.0,9806.0,104637.0,593743.0,20475.0,32406.0,7251.0,3359.0,2020-12-08T24:00:00Z,277995.0,593743.0,212361086,2020-12-08T24:00:00Z,,0,0,2680,4410,556192,217844,1689076,47a9fa71f2a95a9bb2c3ad3d153a710ea6c6f114
20201207,56,14955851.0,85920344.0,13484.0,102122.0,589333.0,20097.0,32120.0,7067.0,3328.0,2020-12-07T24:00:00Z,275315.0,589333.0,210672010,2020-12-07T24:00:00Z,,0,0,1291,3461,659561,181897,1772859,fa1ec73270b5430767a5175ee8cfd350a249f0ae
20201206,56,14773954.0,85260783.0,13592.0,101501.0,585872.0,20145.0,31946.0,7095.0,3322.0,2020-12-06T24:00:00Z,274024.0,585872.0,208899151,2020-12-06T24:00:00Z,,0,0,1163,2311,465520,182580,1659236,d25cdc504e19c1fbcb6cc7acac4017ce1655567d
20201205,56,14591374.0,84795263.0,13433.0,101192.0,583561.0,19947.0,31831.0,7006.0,3321.0,2020-12-05T24:00:00Z,272861.0,583561.0,207239915,2020-12-05T24:00:00Z,,0,0,2486,3513,626881,219070,2268978,2ddef7a3435c51bc8c8f5bba3e538553699ede68
20201204,56,14372304.0,84168382.0,12714.0,101309.0,580048.0,19853.0,31608.0,6992.0,3305.0,2020-12-04T24:00:00Z,270375.0,580048.0,204970937,2020-12-04T24:00:00Z,,0,0,2563,4654,612167,230313,1908337,99fa0706c94d6343b2a8f8f3ae5a0c804ef1da0f
20201203,56,14141991.0,83556215.0,15106.0,100746.0,575394.0,19714.0,31276.0,6871.0,3280.0,2020-12-03T24:00:00Z,267812.0,575394.0,203062600,2020-12-03T24:00:00Z,,0,0,2822,5369,626608,216271,1933565,b81fca9de06d3af0ba636eac740aaa4259cbf456
20201202,56,13925720.0,82929607.0,14368.0,100327.0,570025.0,19687.0,31038.0,6855.0,3252.0,2020-12-02T24:00:00Z,264990.0,570025.0,201129035,2020-12-02T24:00:00Z,,0,0,2811,5238,-425204,203429,1595759,bebcf5debd33ee46bc70ab00a9c03de29fc9ced3
20201201,56,13722291.0,83354811.0,8764.0,98736.0,564787.0,19292.0,30749.0,6643.0,3223.0,2020-12-01T24:00:00Z,262179.0,564787.0,199533276,2020-12-01T24:00:00Z,,0,0,2489,4916,518053,181183,1486246,30946b14ff214e41ee8592edacedbfad9cfd585f
20201130,56,13541108.0,82836758.0,14883.0,96134.0,559871.0,18807.0,30469.0,6520.0,3205.0,2020-11-30T24:00:00Z,259690.0,559871.0,198047030,2020-11-30T24:00:00Z,,0,0,1037,3394,731023,150031,1634111,3af93817633ae9b2d2ebe34dab2d4868144331a6
20201129,56,13391077.0,82105735.0,14860.0,93357.0,556477.0,18437.0,30274.0,6245.0,3184.0,2020-11-29T24:00:00Z,258653.0,556477.0,196412919,2020-11-29T24:00:00Z,,0,0,825,2429,362709,137254,1314942,989b786127d0577ff480b76550b66533c7332f2b
20201128,56,13253823.0,81743026.0,14780.0,91762.0,554048.0,18249.0,30109.0,6148.0,3179.0,2020-11-28T24:00:00Z,257828.0,554048.0,195097977,2020-11-28T24:00:00Z,,0,0,1243,3485,559770,151469,1655753,f9874fedf8bc18f2df31c98eab1a5226606f11d6
20201127,56,13102354.0,81183256.0,14854.0,89913.0,550563.0,18056.0,29858.0,6028.0,3171.0,2020-11-27T24:00:00Z,256585.0,550563.0,193442224,2020-11-27T24:00:00Z,,0,0,1404,3418,798256,198874,2079892,575475803b48b56ed8309d7393442031dbd21799
20201126,56,12903480.0,80385000.0,14856.0,90564.0,547145.0,18019.0,29673.0,5986.0,3153.0,2020-11-26T24:00:00Z,255181.0,547145.0,191362332,2020-11-26T24:00:00Z,,0,0,1392,2333,340800,129764,1364900,76360f5819d4264afb7be10052f17630ec0ee44d
20201125,56,12773716.0,80044200.0,14060.0,90043.0,544812.0,17738.0,29540.0,5987.0,3147.0,2020-11-25T24:00:00Z,253789.0,544812.0,189997432,2020-11-25T24:00:00Z,,0,0,2281,4538,678709,188496,1864382,1ce5b13e0d19bc7f565c47b53af0d90861f2590c
20201124,56,12585220.0,79365491.0,9962.0,88132.0,540274.0,17317.0,29245.0,5626.0,3123.0,2020-11-24T24:00:00Z,251508.0,540274.0,188133050,2020-11-24T24:00:00Z,,0,0,2091,4685,607785,166503,1835962,dff958f01a638a73aebb361a34477f77fa035c0f
20201123,56,12418717.0,78757706.0,17617.0,85945.0,535589.0,17060.0,28990.0,5455.0,3106.0,2020-11-23T24:00:00Z,249417.0,535589.0,186297088,2020-11-23T24:00:00Z,,0,0,853,2835,716643,154696,1774848,d8c76a8a0107eec7604099e8a86ef8e4c7e0d538
20201122,56,12264021.0,78041063.0,17578.0,83882.0,532754.0,16411.0,28828.0,5233.0,3094.0,2020-11-22T24:00:00Z,248564.0,532754.0,184522240,2020-11-22T24:00:00Z,,0,0,923,2291,578177,154188,1805804,5327c1dfc69ba5755ae8b7249457d3200a661b18
20201121,56,12109833.0,77462886.0,17683.0,83346.0,530463.0,16264.0,28693.0,5103.0,3087.0,2020-11-21T24:00:00Z,247641.0,530463.0,182716436,2020-11-21T24:00:00Z,,0,0,1551,3375,675743,186385,2088615,b34bab87114ffeba9630316af871e93a8a3938dc
20201120,56,11923448.0,76787143.0,16221.0,82318.0,527088.0,16146.0,28472.0,5058.0,3078.0,2020-11-20T24:00:00Z,246090.0,527088.0,180627821,2020-11-20T24:00:00Z,,0,0,1910,3903,738811,197164,1974024,569b3d7e7c57edd30291452160e432f23a5ca843
20201119,56,11726284.0,76048332.0,14596.0,80669.0,523185.0,15759.0,28216.0,4860.0,3052.0,2020-11-19T24:00:00Z,244180.0,523185.0,178653797,2020-11-19T24:00:00Z,,0,0,2010,4456,624571,187932,1841360,5b10f30de711a6ba25fc1ca28587f486bccc711a
20201118,56,11538352.0,75423761.0,12971.0,79478.0,518729.0,15557.0,27989.0,4699.0,3024.0,2020-11-18T24:00:00Z,242170.0,518729.0,176812437,2020-11-18T24:00:00Z,,0,0,1885,4352,612304,168220,1688465,19cdbb388483ceb37320c585897715d04b1b8ce4
20201117,56,11370132.0,74811457.0,9281.0,77047.0,514377.0,15009.0,27681.0,4379.0,3004.0,2020-11-17T24:00:00Z,240285.0,514377.0,175123972,2020-11-17T24:00:00Z,,0,0,1553,3887,545450,159826,1625504,6cbe43af71a515b6ff76ba68f15ed08b4c6da2a1
20201116,56,11210306.0,74266007.0,13639.0,73320.0,510490.0,14471.0,27437.0,4156.0,2988.0,2020-11-16T24:00:00Z,238732.0,510490.0,173498468,2020-11-16T24:00:00Z,,0,0,607,2907,636242,149977,1563971,be3a5aabf0864591362f7f736c096298faa52f95
20201115,56,11060329.0,73629765.0,13654.0,70202.0,507583.0,13849.0,27269.0,3939.0,2975.0,2020-11-15T24:00:00Z,238125.0,507583.0,171934497,2020-11-15T24:00:00Z,,0,0,712,1868,576065,147062,1600621,b8e8f462d9d14dc918a35e9960d1c42179822bde
20201114,56,10913267.0,73053700.0,13657.0,69588.0,505715.0,13491.0,27172.0,3945.0,2972.0,2020-11-14T24:00:00Z,237413.0,505715.0,170333876,2020-11-14T24:00:00Z,,0,0,1353,3468,571664,167726,1742593,0493ff1f6eb2893687261128dd169c27b801d23e
20201113,56,10745541.0,72482036.0,12010.0,68585.0,502247.0,13280.0,26997.0,3766.0,2967.0,2020-11-13T24:00:00Z,236060.0,502247.0,168591283,2020-11-13T24:00:00Z,,0,0,1301,3673,627471,174633,1734667,48a3336dc2cae12a1fe3018954d309f33fd47673
20201112,56,10570908.0,71854565.0,11385.0,67236.0,498574.0,12917.0,26803.0,3622.0,2954.0,2020-11-12T24:00:00Z,234759.0,498574.0,166856616,2020-11-12T24:00:00Z,,0,0,1112,3562,552747,157542,1599994,8cc6f22a893bef0a42354fb8bc4ba6f487503173
20201111,56,10413366.0,71301818.0,11287.0,65549.0,495012.0,12626.0,26584.0,3365.0,2947.0,2020-11-11T24:00:00Z,233647.0,495012.0,165256622,2020-11-11T24:00:00Z,,0,0,1577,3281,547556,149333,1485552,e94c7033cd5ee147e67d4ae13d8716f1c6240724
20201110,56,10264033.0,70754262.0,8579.0,62119.0,491731.0,12057.0,26335.0,3202.0,2922.0,2020-11-10T24:00:00Z,232070.0,491731.0,163771070,2020-11-10T24:00:00Z,,0,0,1358,4070,433576,135569,1364876,26a9d6ca0ad53ed51264a68cbd7d97aecb5abc9a
20201109,56,10128464.0,70320686.0,23458.0,59342.0,487661.0,11636.0,26087.0,3111.0,2907.0,2020-11-09T24:00:00Z,230712.0,487661.0,162406194,2020-11-09T24:00:00Z,,0,0,577,2176,700438,118403,1475158,9097291ba4390ded56800f4c99ca0fae469fa031
20201108,56,10010061.0,69620248.0,23353.0,56942.0,485485.0,11223.0,25819.0,2977.0,2900.0,2020-11-08T24:00:00Z,230135.0,485485.0,160931036,2020-11-08T24:00:00Z,,0,0,513,1467,414407,112445,1244299,987d7bd1fce931b270f0b8aee2ae11c2c2fc2cd4
20201107,56,9897616.0,69205841.0,23295.0,56037.0,484018.0,11215.0,25721.0,2947.0,2898.0,2020-11-07T24:00:00Z,229622.0,484018.0,159686737,2020-11-07T24:00:00Z,,0,0,1125,2341,549533,132113,1434108,6e9a5430701d52f6acf2bab53eb325cac01af793
20201106,56,9765503.0,68656308.0,11804.0,55005.0,481677.0,11213.0,25498.0,2850.0,2885.0,2020-11-06T24:00:00Z,228497.0,481677.0,158252629,2020-11-06T24:00:00Z,,0,0,1185,3121,556319,129990,1698174,1c7bce511cad74f06844b1ec1aa7b454b366c7d4
20201105,56,9635513.0,68099989.0,11233.0,53380.0,478556.0,11050.0,25276.0,2876.0,2872.0,2020-11-05T24:00:00Z,227312.0,478556.0,156554455,2020-11-05T24:00:00Z,,0,0,1154,2553,580576,119023,1641618,efa841a0854a5f33b8d1d3692879f44010a357a9
20201104,56,9516490.0,67519413.0,10117.0,52166.0,476003.0,10892.0,25041.0,2832.0,2853.0,2020-11-04T24:00:00Z,226158.0,476003.0,154912837,2020-11-04T24:00:00Z,,0,0,1131,3107,418763,105996,1313777,7e136be7db4fe1ca9d59b461905f0d05cfae5a2b
20201103,56,9410494.0,67100650.0,8003.0,50509.0,472896.0,10538.0,24796.0,2734.0,2833.0,2020-11-03T24:00:00Z,225027.0,472896.0,153599060,2020-11-03T24:00:00Z,,0,0,1517,3135,431719,119949,1230416,e3632d4059637070245ebafb2834b45ab09489bc
20201102,56,9290545.0,66668931.0,10655.0,48750.0,469761.0,9957.0,24560.0,2633.0,2809.0,2020-11-02T24:00:00Z,223510.0,469761.0,152368644,2020-11-02T24:00:00Z,,0,0,475,1399,618861,83454,1314755,ff78c02e82ff7e4d03653ec1ec89fe3c2e324317
20201101,56,9207091.0,66050070.0,10617.0,47615.0,468362.0,9665.0,24457.0,2553.0,2797.0,2020-11-01T24:00:00Z,223035.0,468362.0,151053889,2020-11-01T24:00:00Z,,0,0,410,1166,368695,141973,1148420,36021e1957924e5c0b48436e6dd8b83f2c07e812
20201031,56,9065118.0,65681375.0,10635.0,47486.0,467196.0,9613.0,24375.0,2502.0,2786.0,2020-10-31T24:00:00Z,222625.0,467196.0,149905469,2020-10-31T24:00:00Z,,0,0,958,2116,535428,91294,1441997,5029af339bf6f181560c75a3d912b87da7acd672
20201030,56,8973824.0,65145947.0,11120.0,46880.0,465080.0,9550.0,24230.0,2477.0,2776.0,2020-10-30T24:00:00Z,221667.0,465080.0,148463472,2020-10-30T24:00:00Z,,0,0,947,2403,478478,97942,1421778,fcecff7494cbea5794041f26622b3b262dc7e941
20201029,56,8875882.0,64667469.0,10481.0,46191.0,462677.0,9320.0,24082.0,2399.0,2760.0,2020-10-29T24:00:00Z,220720.0,462677.0,147041694,2020-10-29T24:00:00Z,,0,0,1060,2321,557364,89365,1382393,9b038ebb6d4fec54db3b0ebfaf784a9d0e5f8ca9
20201028,56,8786517.0,64110105.0,9600.0,45214.0,460356.0,9133.0,23883.0,2354.0,2744.0,2020-10-28T24:00:00Z,219660.0,460356.0,145659301,2020-10-28T24:00:00Z,,0,0,1047,2461,471260,79700,1183714,7d8879869fff183d7e874377df59c93042fa82e3
20201027,56,8706817.0,63638845.0,8129.0,44391.0,457895.0,8985.0,23701.0,2283.0,2719.0,2020-10-27T24:00:00Z,218613.0,457895.0,144475587,2020-10-27T24:00:00Z,,0,0,922,2290,382308,72255,1116474,c3b65e1f4ae6cf84763f0bff63d3a661afdf84b4
20201026,56,8634562.0,63256537.0,11083.0,42988.0,455605.0,8946.0,23542.0,2300.0,2703.0,2020-10-26T24:00:00Z,217691.0,455605.0,143359113,2020-10-26T24:00:00Z,,0,0,397,1697,568807,63430,1219999,7d0b8b9d36a55fe7485618733244be2d410d07f4
20201025,56,8571132.0,62687730.0,11093.0,41883.0,453908.0,8590.0,23420.0,2176.0,2693.0,2020-10-25T24:00:00Z,217294.0,453908.0,142139114,2020-10-25T24:00:00Z,,0,0,391,1076,425466,64471,1203749,cf93bc0be94fa68cfd51be9bec6b3f67b771e71b
20201024,56,8506661.0,62262264.0,11087.0,42087.0,452832.0,8675.0,23356.0,2230.0,2691.0,2020-10-24T24:00:00Z,216903.0,452832.0,140935365,2020-10-24T24:00:00Z,,0,0,896,1822,471136,83792,1343815,56a9b795b985fe17715390bd163472d5d4dd4750
20201023,56,8422869.0,61791128.0,11853.0,41614.0,451010.0,8342.0,23221.0,2180.0,2679.0,2020-10-23T24:00:00Z,216007.0,451010.0,139591550,2020-10-23T24:00:00Z,,0,0,949,15058,561068,82575,1423963,ab832677d541e117799395c05ac1daea237bdf5a
20201022,56,8340294.0,61230060.0,12222.0,41114.0,435952.0,8180.0,23018.0,2147.0,2641.0,2020-10-22T24:00:00Z,215058.0,435952.0,138167587,2020-10-22T24:00:00Z,,0,0,1117,2505,525631,73419,1296375,491acf81d225b840762b6b0ebb55b63a4403a2c5
20201021,56,8266875.0,60704429.0,10241.0,40397.0,433447.0,8291.0,22855.0,2083.0,2622.0,2020-10-21T24:00:00Z,213941.0,433447.0,136871212,2020-10-21T24:00:00Z,,0,0,1028,2123,368638,61710,1035031,8d6b9bcf5ed5df5b626e80628c09db52dfcf957b
20201020,56,8205165.0,60335791.0,8014.0,39391.0,431324.0,8206.0,22662.0,2042.0,2593.0,2020-10-20T24:00:00Z,212913.0,431324.0,135836181,2020-10-20T24:00:00Z,,0,0,833,2309,371850,60574,1010640,e7b0b64205fc998437d3b8876bc1d916246022ef
20201019,56,8144591.0,59963941.0,12138.0,37976.0,429015.0,8063.0,22475.0,1804.0,2577.0,2020-10-19T24:00:00Z,212080.0,429015.0,134825541,2020-10-19T24:00:00Z,,0,0,443,1605,632065,57650,1125062,b6d8ab2d3b05a6b44c3dab6f6170b5165413fa43
20201018,56,8086941.0,59331876.0,12059.0,36536.0,427410.0,7383.0,22391.0,1762.0,2557.0,2020-10-18T24:00:00Z,211637.0,427410.0,133700479,2020-10-18T24:00:00Z,,0,0,405,813,352861,47957,1056123,951aa5446ef052d25e2729c1b6ef873731dc7959
20201017,56,8038984.0,58979015.0,12109.0,37474.0,426597.0,7466.0,22320.0,1791.0,2553.0,2020-10-17T24:00:00Z,211232.0,426597.0,132644356,2020-10-17T24:00:00Z,,0,0,780,1546,465369,57675,1342416,a47eecdbc238af48ecd55d14210a82a2231519a9
20201016,56,7981309.0,58513646.0,13091.0,37479.0,425051.0,7333.0,22202.0,1740.0,2547.0,2020-10-16T24:00:00Z,210452.0,425051.0,131301940,2020-10-16T24:00:00Z,,0,0,891,1866,511421,68505,1250159,3981c9c0c94a098e9c91e4c4d9cf90debec9a78d
20201015,56,7912804.0,58002225.0,13001.0,37423.0,423185.0,7303.0,22051.0,1773.0,2531.0,2020-10-15T24:00:00Z,209561.0,423185.0,130051781,2020-10-15T24:00:00Z,,0,0,928,2010,460227,63641,1169911,444b343dbf0be10c8f89084f20ae8a82a3ade008
20201014,56,7849163.0,57541998.0,11100.0,37184.0,421175.0,7236.0,21889.0,1775.0,2516.0,2020-10-14T24:00:00Z,208633.0,421175.0,128881870,2020-10-14T24:00:00Z,,0,0,801,2437,289688,57240,1095897,6834dec1e243fc9123aec726e1937e8fd83405a0
20201013,56,7791923.0,57252310.0,8008.0,36171.0,418738.0,7104.0,21735.0,1757.0,2485.0,2020-10-13T24:00:00Z,207832.0,418738.0,127785973,2020-10-13T24:00:00Z,,0,0,718,2058,398528,46979,1099400,5f97a4d007b9f1e5f082fd95605589f9b601b5f2
20201012,56,7744944.0,56853782.0,11329.0,35148.0,416680.0,6860.0,21625.0,1663.0,2464.0,2020-10-12T24:00:00Z,207114.0,416680.0,126686573,2020-10-12T24:00:00Z,,0,0,285,1106,489836,43234,1032725,af06aa77d0b545f0f7858e902313aca785824f4c
20201011,56,7701710.0,56363946.0,11261.0,34609.0,415574.0,6749.0,21553.0,1646.0,2454.0,2020-10-11T24:00:00Z,206829.0,415574.0,125653848,2020-10-11T24:00:00Z,,0,0,471,981,359942,46672,1083456,51ae17a8945c412628662f56f21fb1d3a89eafb1
20201010,56,7655038.0,56004004.0,11223.0,34700.0,414593.0,6752.0,21512.0,1667.0,2451.0,2020-10-10T24:00:00Z,206358.0,414593.0,124570392,2020-10-10T24:00:00Z,,0,0,691,1486,486053,57635,1270088,630882c8cadb1af6a55bf7ac9c14d64802dd454f
20201009,56,7597403.0,55517951.0,13078.0,34974.0,413107.0,6775.0,21389.0,1651.0,2437.0,2020-10-09T24:00:00Z,205667.0,413107.0,123300304,2020-10-09T24:00:00Z,,0,0,913,1735,499689,56993,1261182,c60c8dd0f1961893b56b29f5fef6d6b4685cf5cf
20201008,56,7540410.0,55018262.0,13087.0,34446.0,411372.0,6694.0,21217.0,1638.0,2427.0,2020-10-08T24:00:00Z,204754.0,411372.0,122039122,2020-10-08T24:00:00Z,,0,0,979,2134,226637,55308,1219916,2ff9b297945cae7612e726b49d207254ccb47818
20201007,56,7485102.0,54791625.0,12269.0,33565.0,409238.0,6591.0,21112.0,1650.0,2410.0,2020-10-07T24:00:00Z,203775.0,409238.0,120819206,2020-10-07T24:00:00Z,,0,0,929,2138,383247,51216,1061149,98fc34a1f9d96e1313ee3bb31e0a0f2e063efd33
20201006,56,7433886.0,54408378.0,8680.0,32726.0,407100.0,6490.0,20973.0,1609.0,2388.0,2020-10-06T24:00:00Z,202846.0,407100.0,119758057,2020-10-06T24:00:00Z,,0,0,613,-752,334396,38846,942647,fbc57ee7867ae7e1a753b31eaf263bd6ed2fa57a
20201005,56,7395040.0,54073982.0,11544.0,31426.0,407852.0,6292.0,20812.0,1514.0,2370.0,2020-10-05T24:00:00Z,202233.0,407852.0,118815410,2020-10-05T24:00:00Z,,0,0,331,1447,497796,37752,997036,18c19ae29bbbebe36a6814dd3f41b5c9804a949c
20201004,56,7357288.0,53576186.0,11471.0,30063.0,406405.0,6056.0,20729.0,1485.0,2362.0,2020-10-04T24:00:00Z,201902.0,406405.0,117818374,2020-10-04T24:00:00Z,,0,0,380,663,420158,38165,999768,b9ae0561e9752679adff8d9dab4cbf5d772a6ce4
20201003,56,7319123.0,53156028.0,11464.0,30209.0,405742.0,6073.0,20686.0,1501.0,2358.0,2020-10-03T24:00:00Z,201522.0,405742.0,116818606,2020-10-03T24:00:00Z,,0,0,738,1088,354909,50874,1097794,c878d7aa3b12ef380fd0fc3c32e23173ab19bb4b
20201002,56,7268249.0,52801119.0,10813.0,30880.0,404654.0,6195.0,20612.0,1534.0,2348.0,2020-10-02T24:00:00Z,200784.0,404654.0,115720812,2020-10-02T24:00:00Z,,0,0,842,1443,569771,49427,1248921,250ad6bcf9508c0ba91eb795a0d7074edce7be05
20201001,56,7218822.0,52231348.0,13003.0,30942.0,403211.0,6262.0,20492.0,1543.0,2334.0,2020-10-01T24:00:00Z,199942.0,403211.0,114471891,2020-10-01T24:00:00Z,,0,0,862,1757,391166,45720,1002055,5ebecc59b978e8d7ec4ae629da11e2dc866783df
20200930,56,7173102.0,51840182.0,9431.0,31021.0,401454.0,6241.0,20390.0,1510.0,2319.0,2020-09-30T24:00:00Z,199080.0,401454.0,113469836,2020-09-30T24:00:00Z,,0,0,1064,1618,378871,44909,958978,c5c252a85485755773835e4eaf43521b87b4273e
20200929,56,7128193.0,51461311.0,7695.0,30601.0,399836.0,6172.0,20247.0,1497.0,2298.0,2020-09-29T24:00:00Z,198016.0,399836.0,112510858,2020-09-29T24:00:00Z,,0,0,724,1673,325008,36766,976306,3c05e55db33aec83c760fc97d113a6ca69e9f181
20200928,56,7091427.0,51136303.0,11112.0,29696.0,398163.0,6048.0,20121.0,1513.0,2285.0,2020-09-28T24:00:00Z,197292.0,398163.0,111534552,2020-09-28T24:00:00Z,,0,0,246,1181,454121,35376,1034834,579bb01966f8b6dce92dccf049218b2d46207dfd
20200927,56,7056051.0,50682182.0,11136.0,29579.0,396982.0,6170.0,20050.0,1511.0,2277.0,2020-09-27T24:00:00Z,197046.0,396982.0,110499718,2020-09-27T24:00:00Z,,0,0,310,613,340575,34990,928985,7f53d8a9561ff3d68313b84f410cac9fa0769465
20200926,56,7021061.0,50341607.0,11183.0,29670.0,396369.0,6143.0,20002.0,1509.0,2272.0,2020-09-26T24:00:00Z,196736.0,396369.0,109570733,2020-09-26T24:00:00Z,,0,0,873,1225,459833,47268,1118575,397ba2b5c9bf47bd9d033671ec87cd20f07307ef
20200925,56,6973793.0,49881774.0,10905.0,29888.0,395144.0,6220.0,19919.0,1508.0,2264.0,2020-09-25T24:00:00Z,195863.0,395144.0,108452158,2020-09-25T24:00:00Z,,0,0,847,1322,480492,55237,1140842,d6ceaeaa4ba017967be6feba8d309d165a4c81a5
20200924,56,6918556.0,49401282.0,12008.0,30159.0,393822.0,6274.0,19555.0,1560.0,2177.0,2020-09-24T24:00:00Z,195016.0,393822.0,107311316,2020-09-24T24:00:00Z,,0,0,938,1484,435595,43341,1006279,2d723715e46e7033ebf93e52511ce7c5237c4355
20200923,56,6875215.0,48965687.0,10535.0,30015.0,392338.0,6200.0,19452.0,1545.0,2154.0,2020-09-23T24:00:00Z,194078.0,392338.0,106305037,2020-09-23T24:00:00Z,,0,0,1156,1454,370859,39498,1005046,1481a35d6d67f680e13072f62e68fe8d755a8603
20200922,56,6835717.0,48594828.0,7999.0,29645.0,390884.0,6188.0,19324.0,1558.0,2130.0,2020-09-22T24:00:00Z,192922.0,390884.0,105299991,2020-09-22T24:00:00Z,,0,0,859,1534,358273,48986,892578,94f95583954abce00a5939e37d220d8e59c386ea
20200921,56,6786731.0,48236555.0,13241.0,28849.0,389350.0,6138.0,19353.0,1570.0,2116.0,2020-09-21T24:00:00Z,192063.0,389350.0,104407413,2020-09-21T24:00:00Z,,0,0,281,1064,320880,39162,774023,fbc002efb97e965593a2063df93e31bae22ff37f
20200920,56,6747569.0,47915675.0,13192.0,28724.0,388286.0,6100.0,19281.0,1595.0,2112.0,2020-09-20T24:00:00Z,191782.0,388286.0,103633390,2020-09-20T24:00:00Z,,0,0,327,525,397752,35533,986826,40487ecd8b6ca3dddd79439ff9fa1ce65a55e7a0
20200919,56,6712036.0,47517923.0,13217.0,29185.0,387761.0,6163.0,19243.0,1577.0,2111.0,2020-09-19T24:00:00Z,191455.0,387761.0,102646564,2020-09-19T24:00:00Z,,0,0,747,1051,448470,45668,1136186,622d477c99954065a19dcb2faa60c8bb7994774f
20200918,56,6666368.0,47069453.0,11805.0,29651.0,386710.0,6175.0,19163.0,1608.0,2107.0,2020-09-18T24:00:00Z,190708.0,386710.0,101510378,2020-09-18T24:00:00Z,,0,0,901,1423,478884,46889,1083276,7d3209c7c5283cd16ba4e53abd0af9edf195980c
20200917,56,6619479.0,46590569.0,11768.0,30035.0,385287.0,6285.0,19057.0,1662.0,2092.0,2020-09-17T24:00:00Z,189807.0,385287.0,100427102,2020-09-17T24:00:00Z,,0,0,880,1549,420589,43642,979122,036a0f90b01590b47fea9193504083ce93efb40f
20200916,56,6575837.0,46169980.0,10587.0,30345.0,383738.0,6303.0,18961.0,1647.0,2090.0,2020-09-16T24:00:00Z,188927.0,383738.0,99447980,2020-09-16T24:00:00Z,,0,0,1190,1461,338879,40319,834580,313004ef303398e0d10cdfb9d00705ea5a781586
20200915,56,6535518.0,45831101.0,4966.0,30427.0,382277.0,6308.0,18847.0,1574.0,2071.0,2020-09-15T24:00:00Z,187737.0,382277.0,98613400,2020-09-15T24:00:00Z,,0,0,1034,1484,341843,34778,837722,d0bc1a8162f4b6de80b48180f601468f0770fc62
20200914,56,6500740.0,45489258.0,10494.0,30071.0,380793.0,6249.0,18748.0,1513.0,2061.0,2020-09-14T24:00:00Z,186703.0,380793.0,97775678,2020-09-14T24:00:00Z,,0,0,407,912,400935,33572,854291,59881ac1050f951ab24314d4f19ced48cffe82a0
20200913,56,6467168.0,45088323.0,10467.0,29921.0,379881.0,6233.0,18692.0,1562.0,2056.0,2020-09-13T24:00:00Z,186296.0,379881.0,96921387,2020-09-13T24:00:00Z,,0,0,392,545,334958,34579,785169,4892dddb2725ecbf7609a8f6fa74c65eb39c39bf
20200912,56,6432589.0,44753365.0,10403.0,30758.0,379336.0,6451.0,18648.0,1619.0,2051.0,2020-09-12T24:00:00Z,185904.0,379336.0,96136218,2020-09-12T24:00:00Z,,0,0,817,1145,382218,41850,985219,436c554ee4bde5c3d42244d986a3b89794235e4c
20200911,56,6390739.0,44371147.0,10813.0,31530.0,378191.0,6376.0,18549.0,1716.0,2031.0,2020-09-11T24:00:00Z,185087.0,378191.0,95150999,2020-09-11T24:00:00Z,,0,0,1015,1510,432643,44698,939749,2e05f471b148debf7454223c1d6ca40f7e8debe1
20200910,56,6346041.0,43938504.0,10530.0,32521.0,376681.0,6522.0,18453.0,1923.0,2008.0,2020-09-10T24:00:00Z,184072.0,376681.0,94211250,2020-09-10T24:00:00Z,,0,0,1161,1498,360631,37409,826176,72a143eb9ef6ae4c69ef8da14a4b65d523b8af6e
20200909,56,6308632.0,43577873.0,6551.0,32653.0,375183.0,6659.0,18322.0,1906.0,1994.0,2020-09-09T24:00:00Z,182911.0,375183.0,93385074,2020-09-09T24:00:00Z,,0,0,1088,1970,315323,30733,738462,9aa688a89d7b8fc0372a19945a132efc16895cf7
20200908,56,6277899.0,43262550.0,8983.0,32339.0,373213.0,6543.0,18189.0,1881.0,1975.0,2020-09-08T24:00:00Z,181823.0,373213.0,92646612,2020-09-08T24:00:00Z,,0,0,347,934,243774,22310,581229,2db9d42d9613cb365d541e37276e45b20c270daa
20200907,56,6255589.0,43018776.0,8986.0,32116.0,372279.0,6630.0,18156.0,1879.0,1967.0,2020-09-07T24:00:00Z,181476.0,372279.0,92065383,2020-09-07T24:00:00Z,,0,0,227,474,304950,28117,655224,13be99bfd9ea80177074501f7237fb1e94d0f2d1
20200906,56,6227472.0,42713826.0,8946.0,32497.0,371805.0,6700.0,18125.0,1912.0,1960.0,2020-09-06T24:00:00Z,181249.0,371805.0,91410159,2020-09-06T24:00:00Z,,0,0,452,499,315811,33033,759445,99f2be9224d7de10017d2d84abef4db80fdc316d
20200905,56,6194439.0,42398015.0,9021.0,33626.0,371306.0,6766.0,18089.0,1956.0,1956.0,2020-09-05T24:00:00Z,180797.0,371306.0,90650714,2020-09-05T24:00:00Z,,0,0,926,1173,379522,44860,965735,2811bdfc9f09aa727a09341c8d39b325457bbac5
20200904,56,6149579.0,42018493.0,10118.0,34177.0,370133.0,6922.0,18012.0,1998.0,1943.0,2020-09-04T24:00:00Z,179871.0,370133.0,89684979,2020-09-04T24:00:00Z,,0,0,999,1249,522071,51600,1089890,1aeff0b52af67d2563c405184536552154896c05
20200903,56,6097979.0,41496422.0,9987.0,34753.0,368884.0,6923.0,17894.0,2038.0,1928.0,2020-09-03T24:00:00Z,178872.0,368884.0,88595089,2020-09-03T24:00:00Z,,0,0,1072,1488,386962,44643,907016,17d3f830636b4c5342e160b209bcef5b27d70c76
20200902,56,6053336.0,41109460.0,9293.0,35660.0,367396.0,7091.0,17784.0,2027.0,1918.0,2020-09-02T24:00:00Z,177800.0,367396.0,87688073,2020-09-02T24:00:00Z,,0,0,1035,1521,331571,30655,791209,a532df4e1031cbe2f0611385b78cb6e62bc40d7b
20200901,56,6022681.0,40777889.0,6647.0,35338.0,365875.0,7084.0,17655.0,2041.0,1902.0,2020-09-01T24:00:00Z,176765.0,365875.0,86896864,2020-09-01T24:00:00Z,,0,0,1014,1867,311048,42242,816070,8056be3685d2d7827b442b8d491b3a16f09a2e0f
20200831,56,5980439.0,40466841.0,11128.0,35453.0,364008.0,7047.0,17537.0,2075.0,1877.0,2020-08-31T24:00:00Z,175751.0,364008.0,86080794,2020-08-31T24:00:00Z,,0,0,380,710,328080,31720,704847,8948cfcffbe378fc10892f77358f501d249c91d5
20200830,56,5948719.0,40138761.0,11148.0,35801.0,363298.0,7268.0,17439.0,2055.0,1870.0,2020-08-30T24:00:00Z,175371.0,363298.0,85375947,2020-08-30T24:00:00Z,,0,0,477,662,371775,38766,842110,9eb9d10053cd3103c80498820e6c7a8a37f228e8
20200829,56,5909953.0,39766986.0,11151.0,36516.0,362636.0,7413.0,17401.0,2062.0,1864.0,2020-08-29T24:00:00Z,174894.0,362636.0,84533837,2020-08-29T24:00:00Z,,0,0,1017,1299,374871,43995,894447,0bbd9225fd36dff616f7fb5c8c005155bba3c21b
20200828,56,5865958.0,39392115.0,10428.0,37356.0,361337.0,7564.0,17304.0,2087.0,1856.0,2020-08-28T24:00:00Z,173877.0,361337.0,83639390,2020-08-28T24:00:00Z,,0,0,1020,1642,391050,46115,927074,13bbc3c64f670e0b0bbc7bce5f28042c159bc3b6
20200827,56,5819843.0,39001065.0,11168.0,37498.0,359695.0,7712.0,17181.0,2128.0,1831.0,2020-08-27T24:00:00Z,172857.0,359695.0,82712316,2020-08-27T24:00:00Z,,0,0,1128,1654,401494,44111,853766,1d968d090371bc685f1db19c1b5e4674775c2e70
20200826,56,5775732.0,38599571.0,4081.0,38515.0,358041.0,7742.0,17046.0,2143.0,1809.0,2020-08-26T24:00:00Z,171729.0,358041.0,81858550,2020-08-26T24:00:00Z,,0,0,1300,1804,380722,44331,770594,dd5a2e22ec720fc0045273794c015ce122bc150a
20200825,56,5731401.0,38218849.0,4091.0,38831.0,356237.0,7854.0,16920.0,2161.0,1789.0,2020-08-25T24:00:00Z,170429.0,356237.0,81087956,2020-08-25T24:00:00Z,,0,0,1140,1988,334536,36839,727978,2af7ccdf783c74ba2e12c4988ea7ae3b5bd518cc
20200824,56,5694562.0,37884313.0,4143.0,38806.0,354249.0,7854.0,16787.0,2112.0,1764.0,2020-08-24T24:00:00Z,169289.0,354249.0,80359978,2020-08-24T24:00:00Z,,0,0,341,1031,383861,34543,749317,9c93ea632fead8568eb52427bc53103a0bf92c5c
20200823,56,5660019.0,37500452.0,4149.0,39064.0,353218.0,7949.0,16697.0,2131.0,1737.0,2020-08-23T24:00:00Z,168948.0,353218.0,79610661,2020-08-23T24:00:00Z,,0,0,577,698,331115,37900,717560,00aa451ffe21686b72884a4ac857bbb991cb11e5
20200822,56,5622119.0,37169337.0,4154.0,40017.0,352520.0,8207.0,16657.0,2204.0,1736.0,2020-08-22T24:00:00Z,168371.0,352520.0,78893101,2020-08-22T24:00:00Z,,0,0,1035,1603,380196,46054,890770,5b9b8c55b89c194c2b9841811fda0565039df59c
20200821,56,5576065.0,36789141.0,4199.0,41049.0,350917.0,8358.0,16563.0,2288.0,1730.0,2020-08-21T24:00:00Z,167336.0,350917.0,78002331,2020-08-21T24:00:00Z,,0,0,1119,1783,382686,46456,906237,844eab4212d8e92560a933d8721d39c5341fff2d
20200820,56,5529609.0,36406455.0,4170.0,42109.0,349134.0,8486.0,16487.0,2330.0,1716.0,2020-08-20T24:00:00Z,166217.0,349134.0,77096094,2020-08-20T24:00:00Z,,0,0,1129,1983,363326,43844,857333,08237db9ea52facc28214c54157ae6fc19b923b5
20200819,56,5485765.0,36043129.0,4374.0,43406.0,347151.0,8747.0,16377.0,2375.0,1705.0,2020-08-19T24:00:00Z,165088.0,347151.0,76238761,2020-08-19T24:00:00Z,,0,0,1411,1983,404229,45073,840428,c26743f57ab0590fca42bd6f71295e713dfebcbb
20200818,56,5440692.0,35638900.0,4412.0,43840.0,345168.0,8859.0,16123.0,2467.0,1695.0,2020-08-18T24:00:00Z,163677.0,345168.0,75398333,2020-08-18T24:00:00Z,,0,0,1179,2261,320406,40070,765192,1e418defb58a75bfef4a090b432b02e525145909
20200817,56,5400622.0,35318494.0,4298.0,43614.0,342907.0,8881.0,15985.0,2444.0,1678.0,2020-08-17T24:00:00Z,162498.0,342907.0,74633141,2020-08-17T24:00:00Z,,0,0,411,1224,325994,37751,724698,d7e1bb01649bf51e1eef774c886302a8abdd46be
20200816,56,5362871.0,34992500.0,4302.0,44155.0,341683.0,8958.0,15924.0,2481.0,1665.0,2020-08-16T24:00:00Z,162087.0,341683.0,73908443,2020-08-16T24:00:00Z,,0,0,617,685,382038,42503,772386,7bf946af4fd523eaad558c709fa680f672238a45
20200815,56,5320368.0,34610462.0,4452.0,44922.0,340998.0,9087.0,15891.0,2526.0,1663.0,2020-08-15T24:00:00Z,161470.0,340998.0,73136057,2020-08-15T24:00:00Z,,0,0,1227,1891,376986,56046,881308,76900f9aff83f6cd9673e617639ae02a89adefcc
20200814,56,5264322.0,34233476.0,4415.0,45868.0,339107.0,9277.0,15764.0,2555.0,1665.0,2020-08-14T24:00:00Z,160243.0,339107.0,72254749,2020-08-14T24:00:00Z,,0,0,1226,2141,470373,57101,981065,e7bb28085a573a64e63548e398059b1587b5ee53
20200813,56,5207221.0,33763103.0,4239.0,47303.0,336966.0,9480.0,15629.0,2574.0,1649.0,2020-08-13T24:00:00Z,159017.0,336966.0,71273684,2020-08-13T24:00:00Z,,0,0,1163,2675,414136,51763,945978,1067af9159c0ab7cba44c83af67e34b78d1892d3
20200812,56,5155458.0,33348967.0,4174.0,48067.0,334291.0,9564.0,15524.0,2602.0,1629.0,2020-08-12T24:00:00Z,157854.0,334291.0,70327706,2020-08-12T24:00:00Z,,0,0,1517,2971,157742,56186,597030,ef673789c5413a204c98bf9cd3c4c2c0d2039424
20200811,56,5099272.0,33191225.0,4118.0,48600.0,331320.0,9135.0,15331.0,2422.0,1612.0,2020-08-11T24:00:00Z,156337.0,331320.0,69730676,2020-08-11T24:00:00Z,,0,0,1320,2624,341151,54935,835788,2220e47ec6ca72f557c504276c6c09ce6ce18e0b
20200810,56,5044337.0,32850074.0,3966.0,48751.0,328696.0,9209.0,15158.0,2529.0,1592.0,2020-08-10T24:00:00Z,155017.0,328696.0,68894888,2020-08-10T24:00:00Z,,0,0,430,1554,342902,41370,769384,072de45af358a3b77ca2e57bed29a053c39385b3
20200809,56,5002967.0,32507172.0,3871.0,48997.0,327142.0,9307.0,15081.0,2507.0,1578.0,2020-08-09T24:00:00Z,154587.0,327142.0,68125504,2020-08-09T24:00:00Z,,0,0,621,862,382995,50766,793017,5d902a28203527579d05caa98833a78492cc1776
20200808,56,4952201.0,32124177.0,3888.0,50071.0,326280.0,9662.0,15024.0,2566.0,1561.0,2020-08-08T24:00:00Z,153966.0,326280.0,67332487,2020-08-08T24:00:00Z,,0,0,1086,1494,342265,53529,785706,f1199bcc19a8653f86e41de1e3a1c1fadb68074f
20200807,56,4898672.0,31781912.0,3988.0,51327.0,324786.0,9698.0,14925.0,2628.0,1549.0,2020-08-07T24:00:00Z,152880.0,324786.0,66546781,2020-08-07T24:00:00Z,,0,0,1323,7994,421107,60823,893989,7ce982459d551de603e43bc44e4a4a4d8f5a623d
20200806,56,4837849.0,31360805.0,3903.0,53219.0,316792.0,9996.0,14810.0,2714.0,1534.0,2020-08-06T24:00:00Z,151557.0,316792.0,65652792,2020-08-06T24:00:00Z,,0,0,1241,2615,407901,54048,855593,9b2087e03e9a0c0cf785fb72e13a52a9b7eb47c0
20200805,56,4783801.0,30952904.0,3842.0,53435.0,314177.0,9988.0,14687.0,2721.0,1524.0,2020-08-05T24:00:00Z,150316.0,314177.0,64797199,2020-08-05T24:00:00Z,,0,0,1355,2118,364580,52698,823818,09da209b88cda9ca24bf4b04f3ac8a660b121056
20200804,56,4731103.0,30588324.0,3789.0,53436.0,312059.0,10207.0,14537.0,2701.0,1493.0,2020-08-04T24:00:00Z,148961.0,312059.0,63973381,2020-08-04T24:00:00Z,,0,0,1241,4423,363055,51198,797783,174976b1fd6876d57faea9565b18a58a337c573e
20200803,56,4679905.0,30225269.0,3662.0,53517.0,307636.0,10233.0,14370.0,2664.0,1463.0,2020-08-03T24:00:00Z,147720.0,307636.0,63175598,2020-08-03T24:00:00Z,,0,0,516,1558,343116,42738,739874,1eb27e20822c920116b6e9884224a2532751038c
20200802,56,4637167.0,29882153.0,3888.0,54106.0,306078.0,10415.0,14288.0,2645.0,1448.0,2020-08-02T24:00:00Z,147204.0,306078.0,62435724,2020-08-02T24:00:00Z,,0,0,496,831,373458,53301,788606,e250600ccfe9be4df85736a9b53e37f90ab91784
20200801,56,4583866.0,29508695.0,3975.0,54554.0,305247.0,10450.0,14227.0,2698.0,1445.0,2020-08-01T24:00:00Z,146708.0,305247.0,61647118,2020-08-01T24:00:00Z,,0,0,1201,2386,372834,60679,808012,028e28235047911f340f77fcfe3ca5e868210825
20200731,56,4523187.0,29135861.0,3956.0,55721.0,302861.0,10473.0,14044.0,2701.0,1437.0,2020-07-31T24:00:00Z,145507.0,302861.0,60839106,2020-07-31T24:00:00Z,,0,0,1328,2532,267549,67827,995792,62967834654350b382f30ab437ea97af7fc31d78
20200730,56,4455360.0,28868312.0,3947.0,56571.0,300329.0,10519.0,13875.0,2762.0,1415.0,2020-07-30T24:00:00Z,144179.0,300329.0,59843314,2020-07-30T24:00:00Z,,0,0,1248,3291,402674,68961,895638,68298afc05d93e926b2d38fc4b3d26cf492324ee
20200729,56,4386399.0,28465638.0,3840.0,57422.0,297038.0,10535.0,13744.0,2771.0,1400.0,2020-07-29T24:00:00Z,142931.0,297038.0,58947676,2020-07-29T24:00:00Z,,0,0,1503,2860,462170,64143,913850,82c20aee07364f69fe5c1996b92caa1148e4f728
20200728,56,4322256.0,28003468.0,3600.0,57185.0,294178.0,10463.0,13559.0,2748.0,1372.0,2020-07-28T24:00:00Z,141428.0,294178.0,58033826,2020-07-28T24:00:00Z,,0,0,1111,4068,361538,58457,844755,8ded428a5de162d68fd35a70640d65fe85a84773
20200727,56,4263799.0,27641930.0,3398.0,58987.0,290110.0,10328.0,13412.0,2723.0,1356.0,2020-07-27T24:00:00Z,140317.0,290110.0,57189071,2020-07-27T24:00:00Z,,0,0,1066,1631,398659,54479,789217,73e5f8967b7c7b1722222a97f011c987a74a3cd2
20200726,56,4209320.0,27243271.0,3361.0,58731.0,288479.0,10353.0,13343.0,2723.0,1336.0,2020-07-26T24:00:00Z,139251.0,288479.0,56399854,2020-07-26T24:00:00Z,,0,0,561,1380,479870,60768,863112,8e032e34fb3756b249886024b8974519e628a959
20200725,56,4148552.0,26763401.0,3377.0,59382.0,287099.0,10380.0,13279.0,2729.0,1300.0,2020-07-25T24:00:00Z,138690.0,287099.0,55536742,2020-07-25T24:00:00Z,,0,0,1014,1820,367424,64845,876507,13eb48dd8afe40432e92dc667333e012275cb1e0
20200724,56,4083707.0,26395977.0,3409.0,59800.0,285279.0,10389.0,13182.0,2709.0,1297.0,2020-07-24T24:00:00Z,137676.0,285279.0,54660235,2020-07-24T24:00:00Z,,0,0,1175,3063,473177,75061,1014858,f31231ebf8342d4061ecc2c671e26669d5ad985c
20200723,56,4008646.0,25922800.0,3179.0,59860.0,282216.0,10423.0,12933.0,2467.0,1280.0,2020-07-23T24:00:00Z,136501.0,282216.0,53645377,2020-07-23T24:00:00Z,,0,0,1070,2373,468926,71436,939239,2f1e5ae61cf8a3fc3427f1670c8fb142aa9c597c
20200722,56,3937210.0,25453874.0,3051.0,59758.0,279843.0,10460.0,12790.0,2444.0,1258.0,2020-07-22T24:00:00Z,135431.0,279843.0,52706138,2020-07-22T24:00:00Z,,0,0,1149,2238,410868,69422,909265,54fe99567ee5000b301124fcbb768da3ea0d4525
20200721,56,3867788.0,25043006.0,3197.0,59476.0,277605.0,6717.0,12629.0,2414.0,1242.0,2020-07-21T24:00:00Z,134282.0,277605.0,51796873,2020-07-21T24:00:00Z,,0,0,1041,2551,360741,62920,834889,2c47a8f1f255b93f5a9fd2e441fc53a60846afe3
20200720,56,3804868.0,24682265.0,3003.0,58518.0,275054.0,6551.0,12475.0,2403.0,1223.0,2020-07-20T24:00:00Z,133241.0,275054.0,50961984,2020-07-20T24:00:00Z,,0,0,376,1563,369701,56663,741162,cbd5d977f3b4884c5caea1ccabecb399213a2a71
20200719,56,3748205.0,24312564.0,3052.0,58052.0,273491.0,6384.0,12393.0,2362.0,1216.0,2020-07-19T24:00:00Z,132865.0,273491.0,50220822,2020-07-19T24:00:00Z,,0,0,527,888,405435,64230,802635,6613c2a843e859000841836d1860f0724eff5244
20200718,56,3683975.0,23907129.0,3032.0,57822.0,272603.0,6397.0,12342.0,2343.0,1211.0,2020-07-18T24:00:00Z,132338.0,272603.0,49418187,2020-07-18T24:00:00Z,,0,0,876,1992,355850,64750,860699,3bb5d464496af5d2ed0a73526286e9baaa66a8a6
20200717,56,3619225.0,23551279.0,3002.0,57871.0,270611.0,6451.0,12243.0,2352.0,1200.0,2020-07-17T24:00:00Z,131462.0,270611.0,48557488,2020-07-17T24:00:00Z,,0,0,939,2485,420833,76524,939851,af73f3a91e603d93ea297f81b0c52306c2a84cf8
20200716,56,3542701.0,23130446.0,2929.0,57602.0,268126.0,6349.0,12091.0,2314.0,1175.0,2020-07-16T24:00:00Z,130523.0,268126.0,47617637,2020-07-16T24:00:00Z,,0,0,941,2210,432515,70489,949756,95d4bcc78ef3ac44d13588dcb83dfed57e5ce057
20200715,56,3472212.0,22697931.0,2947.0,56340.0,265916.0,6328.0,12002.0,2322.0,1166.0,2020-07-15T24:00:00Z,129582.0,265916.0,46667881,2020-07-15T24:00:00Z,,0,0,863,2388,416286,69373,916879,09b727d1c19219f8f6c7950fdc2a54e35ddba259
20200714,56,3402839.0,22281645.0,960.0,55678.0,263528.0,6238.0,11857.0,2263.0,1154.0,2020-07-14T24:00:00Z,128719.0,263528.0,45751002,2020-07-14T24:00:00Z,,0,0,741,2246,383078,58609,850964,5edf30d404eeb4b7d02a9bd906a23b04affdf65d
20200713,56,3344230.0,21898567.0,2610.0,54118.0,261282.0,6063.0,11749.0,2254.0,1142.0,2020-07-13T24:00:00Z,127978.0,261282.0,44900038,2020-07-13T24:00:00Z,,0,0,329,1120,337758,57160,755669,65720ade2979bd6af66186321db86c55cd87b6a1
20200712,56,3287070.0,21560809.0,2639.0,52860.0,260162.0,5930.0,11679.0,2182.0,1136.0,2020-07-12T24:00:00Z,127649.0,260162.0,44144369,2020-07-12T24:00:00Z,,0,0,472,894,399792,61605,821351,fd64ba96434676bc0cea77514db8006e3abf425d
20200711,56,3225465.0,21161017.0,2618.0,51982.0,259268.0,5939.0,11612.0,2169.0,1128.0,2020-07-11T24:00:00Z,127177.0,259268.0,43323018,2020-07-11T24:00:00Z,,0,0,755,5088,368719,62569,824020,b2e2cb63b23f5ee23d7331750f5ae8d8f9b6c253
20200710,56,3162896.0,20792298.0,2493.0,51724.0,254180.0,5899.0,11523.0,2192.0,1118.0,2020-07-10T24:00:00Z,126422.0,254180.0,42498998,2020-07-10T24:00:00Z,,0,0,839,2196,406788,67111,905374,a1770d082f2646f64d7a6fb8066e9174ebf8fdc8
20200709,56,3095785.0,20385510.0,2530.0,44051.0,251984.0,5843.0,11370.0,2129.0,1138.0,2020-07-09T24:00:00Z,125583.0,251984.0,41593624,2020-07-09T24:00:00Z,,0,0,863,1661,411905,59062,850156,c2aa8b9e5a66b2f26676b3dfc9293d8b69703b20
20200708,56,3036723.0,19973605.0,2360.0,43207.0,250323.0,5872.0,11303.0,2167.0,1103.0,2020-07-08T24:00:00Z,124720.0,250323.0,40743468,2020-07-08T24:00:00Z,,0,0,819,1890,336162,62813,784826,439256f425dd44e35eea4ddf350a050bf8e60349
20200707,56,2973910.0,19637443.0,2136.0,41949.0,248433.0,5838.0,11177.0,2102.0,1084.0,2020-07-07T24:00:00Z,123901.0,248433.0,39958642,2020-07-07T24:00:00Z,,0,0,905,1976,301351,50990,735536,fcb8f69f592236c5761dbf1e9975a81093d8c52a
20200706,56,2922920.0,19336092.0,1907.0,39960.0,246457.0,5678.0,11058.0,2104.0,1070.0,2020-07-06T24:00:00Z,122996.0,246457.0,39223106,2020-07-06T24:00:00Z,,0,0,237,762,244479,40925,650271,11e7a677767f7081ddbf23d9944efc697d75e434
20200705,56,2881995.0,19091613.0,1885.0,38872.0,245695.0,5653.0,11010.0,2080.0,1064.0,2020-07-05T24:00:00Z,122759.0,245695.0,38572835,2020-07-05T24:00:00Z,,0,0,209,582,321291,45334,643685,71fed2c2e203d3c1394d13c5830e8a4d0137f430
20200704,56,2836661.0,18770322.0,2083.0,38281.0,245113.0,5633.0,10977.0,1982.0,1063.0,2020-07-04T24:00:00Z,122550.0,245113.0,37929150,2020-07-04T24:00:00Z,,0,0,296,872,311088,54881,682206,90c7504dc3d0d0909008a8ef420ea17990f2147e
20200703,56,2781780.0,18459234.0,2237.0,37927.0,244241.0,5597.0,10936.0,2049.0,1059.0,2020-07-03T24:00:00Z,122254.0,244241.0,37246944,2020-07-03T24:00:00Z,,0,0,603,1358,365468,54199,787952,33a84a10b12079b5ee28dcb122a2157bb39923fa
20200702,56,2727581.0,18093766.0,2208.0,37646.0,242883.0,5636.0,10843.0,2104.0,1041.0,2020-07-02T24:00:00Z,121651.0,242883.0,36458992,2020-07-02T24:00:00Z,,0,0,699,1697,353717,53511,779577,537a7f2401da3bb8e99fac3e0692007bb80f3600
20200701,56,2674070.0,17740049.0,2604.0,36526.0,241186.0,5492.0,10752.0,2099.0,1027.0,2020-07-01T24:00:00Z,120952.0,241186.0,35679415,2020-07-01T24:00:00Z,,0,0,698,1429,349596,51046,738472,45cdf6267694dca15a2b8132aec713f73469cd3c
20200630,56,2623024.0,17390453.0,2432.0,35337.0,239757.0,5426.0,10669.0,2044.0,1008.0,2020-06-30T24:00:00Z,120254.0,239757.0,34940943,2020-06-30T24:00:00Z,,0,0,579,1473,331248,47010,716184,70d7fc86e00959bb0e8bb13af894fc75203d8af3
20200629,56,2576014.0,17059205.0,2194.0,33742.0,238284.0,5389.0,10542.0,2021.0,990.0,2020-06-29T24:00:00Z,119675.0,238284.0,34224759,2020-06-29T24:00:00Z,,0,0,336,731,362304,39398,675879,b43f307462c94b9dee77fe1482b909764d7b40f8
20200628,56,2536616.0,16696901.0,2198.0,32575.0,237553.0,5252.0,10473.0,2077.0,983.0,2020-06-28T24:00:00Z,119339.0,237553.0,33548880,2020-06-28T24:00:00Z,,0,0,273,547,300531,41745,610384,c6da68f932dd36582c9f53dc65f963747de93d2e
20200627,56,2494871.0,16396370.0,2186.0,32566.0,237006.0,5314.0,10415.0,2159.0,977.0,2020-06-27T24:00:00Z,119066.0,237006.0,32938496,2020-06-27T24:00:00Z,,0,0,508,1058,303524,43058,717648,b649708758df7017438c4e0a3869a6f21ac3cfdc
20200626,56,2451813.0,16092846.0,2201.0,31850.0,235948.0,5290.0,10334.0,2069.0,966.0,2020-06-26T24:00:00Z,118558.0,235948.0,32220848,2020-06-26T24:00:00Z,,0,0,618,1542,330949,44340,796499,42cbe8f6611dda54a68b25692d9b24945885e40d
20200625,56,2407473.0,15761897.0,2133.0,31922.0,234406.0,5319.0,10257.0,2214.0,951.0,2020-06-25T24:00:00Z,117940.0,234406.0,31424349,2020-06-25T24:00:00Z,,0,0,648,1296,345056,39707,710078,ec5b87f4ee4cdac69270d1282b67c0a713b20f47
20200624,56,2367766.0,15416841.0,2049.0,31270.0,233110.0,5292.0,10173.0,2247.0,934.0,2020-06-24T24:00:00Z,117292.0,233110.0,30714271,2020-06-24T24:00:00Z,,0,0,704,1246,276303,39117,561704,8d1965be844c864d2c7b167e91367ddfdfc607f3
20200623,56,2328649.0,15140538.0,1891.0,30355.0,231864.0,5392.0,10077.0,2292.0,918.0,2020-06-23T24:00:00Z,116588.0,231864.0,30152567,2020-06-23T24:00:00Z,,0,0,724,1271,230594,33447,661579,5457dad7f0b89c68fea274e804c1edec4e5bf168
20200622,56,2295202.0,14909944.0,2028.0,28963.0,230593.0,5325.0,10002.0,2301.0,909.0,2020-06-22T24:00:00Z,115864.0,230593.0,29490988,2020-06-22T24:00:00Z,,0,0,288,824,231859,26829,493615,b33b801108513f44fcb0344dd634112f4aa90f17
20200621,56,2268373.0,14678085.0,2084.0,28325.0,229769.0,5195.0,9944.0,2321.0,904.0,2020-06-21T24:00:00Z,115576.0,229769.0,28997373,2020-06-21T24:00:00Z,,0,0,293,519,242305,29188,502364,834ddc4902f591cc4f12687638239684e22eeb14
20200620,56,2239185.0,14435780.0,2108.0,28084.0,229250.0,5229.0,9908.0,2380.0,888.0,2020-06-20T24:00:00Z,115283.0,229250.0,28495009,2020-06-20T24:00:00Z,,0,0,615,699,282338,32236,609993,2ddacde394fd5b0b0dccc81ba886269d4ae4c72e
20200619,56,2206949.0,14153442.0,2032.0,28693.0,228551.0,5337.0,9876.0,2433.0,884.0,2020-06-19T24:00:00Z,114668.0,228551.0,27885016,2020-06-19T24:00:00Z,,0,0,652,1578,342200,30865,656946,646a89a14881080b43f664fa7168f86b9bfe9eb4
20200618,56,2176084.0,13811242.0,1903.0,28538.0,226973.0,5472.0,9736.0,2518.0,869.0,2020-06-18T24:00:00Z,114016.0,226973.0,27228070,2020-06-18T24:00:00Z,,0,0,682,1108,254224,27042,558903,cfe3eea59a51781560d0300ff04632426222fb2d
20200617,56,2149042.0,13557018.0,1745.0,28647.0,225865.0,5608.0,9665.0,2584.0,857.0,2020-06-17T24:00:00Z,113334.0,225865.0,26669167,2020-06-17T24:00:00Z,,0,0,780,1077,274054,24153,558467,70a211a47808dde2a7ca58592d420a1757758cb3
20200616,56,2124889.0,13282964.0,1604.0,28370.0,224788.0,5570.0,9590.0,2591.0,845.0,2020-06-16T24:00:00Z,112554.0,224788.0,26110700,2020-06-16T24:00:00Z,,0,0,720,1184,249410,22838,505403,fede086f7d77d8b08cb5f901363c31549df9410f
20200615,56,2102051.0,13033554.0,1619.0,28034.0,223604.0,5700.0,9516.0,2636.0,835.0,2020-06-15T24:00:00Z,111834.0,223604.0,25605297,2020-06-15T24:00:00Z,,0,0,385,664,233173,18255,448589,31f840681681ce8c599752f1f253107bf45f4ad7
20200614,56,2083796.0,12800381.0,1672.0,28020.0,222940.0,5749.0,9466.0,2716.0,834.0,2020-06-14T24:00:00Z,111449.0,222940.0,25156708,2020-06-14T24:00:00Z,,0,0,355,610,249016,21658,480299,dd06b84a9346b6fcb06dd9a6fe927581f418a1cf
20200613,56,2062138.0,12551365.0,1698.0,28578.0,222330.0,5883.0,9430.0,2726.0,830.0,2020-06-13T24:00:00Z,111094.0,222330.0,24676409,2020-06-13T24:00:00Z,,0,0,694,954,271264,25453,542347,4d7cf5fff290e0df99404530a5149cab596ca4d6
20200612,56,2036685.0,12280101.0,1783.0,29306.0,221376.0,6009.0,9373.0,2738.0,814.0,2020-06-12T24:00:00Z,110400.0,221376.0,24134062,2020-06-12T24:00:00Z,,0,0,766,1376,367157,23141,628532,8ef0716e597efd815da2c816db628ce63f17bb6b
20200611,56,2013544.0,11912944.0,1816.0,29850.0,220000.0,6075.0,9295.0,2885.0,792.0,2020-06-11T24:00:00Z,109634.0,220000.0,23505530,2020-06-11T24:00:00Z,,0,0,896,1526,228008,21991,486437,aaa4481cc15ce3ceb66f5c587723b5f3401cbad4
20200610,56,1991553.0,11684936.0,1737.0,30961.0,218474.0,6256.0,9225.0,3022.0,780.0,2020-06-10T24:00:00Z,108738.0,218474.0,23019093,2020-06-10T24:00:00Z,,0,0,893,1239,228219,20880,482269,376d861215390d3f7f93c1ce8f36a43095df5611
20200609,56,1970673.0,11456717.0,1661.0,31179.0,217235.0,6453.0,9141.0,3088.0,771.0,2020-06-09T24:00:00Z,107845.0,217235.0,22536824,2020-06-09T24:00:00Z,,0,0,886,1279,224509,16916,455278,9ff26e063393baad7846d15171639925fde6b964
20200608,56,1953757.0,11232208.0,1606.0,31105.0,215956.0,6398.0,9013.0,3238.0,762.0,2020-06-08T24:00:00Z,106959.0,215956.0,22081546,2020-06-08T24:00:00Z,,0,0,675,1071,199434,16923,406502,3a6fea3346219c83cc5b2bed89233c9fca71f88d
20200607,56,1936834.0,11032774.0,1733.0,31490.0,214885.0,6501.0,8957.0,3298.0,753.0,2020-06-07T24:00:00Z,106284.0,214885.0,21675044,2020-06-07T24:00:00Z,,0,0,447,655,251709,19056,433033,bf20f6526cc43bcce36a4f4e88f9a17fe78a05fb
20200606,56,1917778.0,10781065.0,1796.0,31994.0,214230.0,6762.0,8920.0,3476.0,750.0,2020-06-06T24:00:00Z,105837.0,214230.0,21242011,2020-06-06T24:00:00Z,,0,0,714,989,300867,22746,568044,abde25b64aebe017a91b9b4680e9b4d8dd4e61ec
20200605,56,1895032.0,10480198.0,1749.0,32502.0,213241.0,6921.0,8863.0,3520.0,740.0,2020-06-05T24:00:00Z,105123.0,213241.0,20673967,2020-06-05T24:00:00Z,,0,0,835,1518,299258,23050,613366,3ec7bd217395821c91d8967753609ed59d9c3026
20200604,56,1871982.0,10180940.0,3474.0,32802.0,211723.0,7044.0,8787.0,3662.0,723.0,2020-06-04T24:00:00Z,104288.0,211723.0,20060601,2020-06-04T24:00:00Z,,0,0,883,-2856,256080,20477,505813,c7e9c6baa406aae729d3ccfe6c549a9b40b78f53
20200603,56,1851505.0,9924860.0,3556.0,33227.0,214579.0,7229.0,8688.0,3754.0,717.0,2020-06-03T24:00:00Z,103405.0,214579.0,19554788,2020-06-03T24:00:00Z,,0,0,975,2145,263199,20182,503370,42d72b7919a5d810ab35172e299417a5c5a5a8ee
20200602,56,1831323.0,9661661.0,4054.0,33956.0,212434.0,7410.0,8566.0,3854.0,710.0,2020-06-02T24:00:00Z,102430.0,212434.0,19051418,2020-06-02T24:00:00Z,,0,0,971,1735,237025,19879,460691,b7b153917b2f2e7c3a7e4de644abb3cbaf3a7926
20200601,56,1811444.0,9424636.0,3455.0,34325.0,210699.0,7592.0,8485.0,3950.0,704.0,2020-06-01T24:00:00Z,101459.0,210699.0,18590727,2020-06-01T24:00:00Z,,0,0,679,2862,223825,20101,418259,a7616c07549153322663a92f12466647b82cc6ed
20200531,56,1791343.0,9200811.0,3270.0,34925.0,207837.0,7625.0,8445.0,3669.0,704.0,2020-05-31T24:00:00Z,100780.0,207837.0,18172468,2020-05-31T24:00:00Z,,0,0,655,895,209610,21641,427109,1cccd10654c6e813621a83febdbcfea6c9b753b4
20200530,56,1769702.0,8991201.0,1668.0,35759.0,206942.0,7960.0,8305.0,4008.0,698.0,2020-05-30T24:00:00Z,100125.0,206942.0,17745359,2020-05-30T24:00:00Z,,0,0,923,1421,241884,23596,454146,1e684634c354d47ce0baf80be3b8fe1255926e8e
20200529,56,1746106.0,8749317.0,2978.0,36942.0,205521.0,8170.0,8235.0,4028.0,689.0,2020-05-29T24:00:00Z,99202.0,205521.0,17291213,2020-05-29T24:00:00Z,,0,0,1174,1571,268204,23618,535797,340f88ac2dbf78f63fdf78a62044e4386db45d83
20200528,56,1722488.0,8481113.0,1906.0,38000.0,203950.0,8392.0,8109.0,4079.0,676.0,2020-05-28T24:00:00Z,98028.0,203950.0,16755416,2020-05-28T24:00:00Z,,0,0,1235,1594,259250,22799,490016,3e2e401c7a16105040c7f0fbbd74faa6c23e8f6d
20200527,56,1699689.0,8221863.0,3132.0,38300.0,202356.0,8552.0,8015.0,4223.0,666.0,2020-05-27T24:00:00Z,96793.0,202356.0,16265400,2020-05-27T24:00:00Z,,0,0,1335,1561,214726,19172,425917,359d2472a0229c4f3d7e3a4856763cd490afd738
20200526,56,1680517.0,8007137.0,1549.0,37751.0,200795.0,8580.0,7899.0,4221.0,650.0,2020-05-26T24:00:00Z,95458.0,200795.0,15839483,2020-05-26T24:00:00Z,,0,0,665,17287,162320,16690,316497,ddaccd87eaa987e1eb2fbe7ed0687ef13b0b4933
20200525,56,1663827.0,7844817.0,3368.0,37703.0,183508.0,8467.0,7847.0,4232.0,642.0,2020-05-25T24:00:00Z,94793.0,183508.0,15522986,2020-05-25T24:00:00Z,,0,0,556,898,228459,18555,411853,7bff436022bcd3003873a4ae444f96379389c689
20200524,56,1645272.0,7616358.0,3860.0,37742.0,182610.0,8491.0,7801.0,4380.0,639.0,2020-05-24T24:00:00Z,94237.0,182610.0,15111133,2020-05-24T24:00:00Z,,0,0,688,1028,190971,19062,388719,be651a30fad603fc595723942f8654a9a47933bf
20200523,56,1626210.0,7425387.0,4084.0,38625.0,181582.0,8739.0,7770.0,4621.0,638.0,2020-05-23T24:00:00Z,93549.0,181582.0,14722414,2020-05-23T24:00:00Z,,0,0,1040,1385,201532,22561,452354,69401592abcf7a524bd105244ca421b22b69d067
20200522,56,1603649.0,7223855.0,3709.0,40008.0,180197.0,9042.0,7689.0,4714.0,633.0,2020-05-22T24:00:00Z,92509.0,180197.0,14270060,2020-05-22T24:00:00Z,,0,0,1290,3949,247587,24115,453236,06bf586decc59f446fe3ebce22e83dcfd9407c2b
20200521,56,1579534.0,6976268.0,3641.0,41359.0,176248.0,9092.0,7412.0,4871.0,616.0,2020-05-21T24:00:00Z,91219.0,176248.0,13816824,2020-05-21T24:00:00Z,,0,0,1380,4547,303576,26831,506320,584aefd75f928f1c3c1c078d35e1734348756968
20200520,56,1552703.0,6672692.0,2973.0,41856.0,171701.0,9522.0,7319.0,4907.0,613.0,2020-05-20T24:00:00Z,89839.0,171701.0,13310504,2020-05-20T24:00:00Z,,0,0,1397,1756,245484,21293,465041,1b635b7eada531c9b51e34d776c2174e7154471b
20200519,56,1531410.0,6427208.0,2944.0,42023.0,169945.0,9598.0,7217.0,5032.0,606.0,2020-05-19T24:00:00Z,88442.0,169945.0,12845463,2020-05-19T24:00:00Z,,0,0,1317,1548,230957,20687,421683,de40c2d1fa4b3458f5beaa0a32cc763af93ce0df
20200518,56,1510723.0,6196251.0,3596.0,41940.0,168397.0,9748.0,7064.0,5260.0,602.0,2020-05-18T24:00:00Z,87125.0,168397.0,12423780,2020-05-18T24:00:00Z,,0,0,854,1132,189113,20597,350063,3ddc22cfb432e70448bdaa2caaa60150ff1300f4
20200517,56,1490126.0,6007138.0,3449.0,42019.0,167265.0,9945.0,7003.0,5467.0,593.0,2020-05-17T24:00:00Z,86271.0,167265.0,12073717,2020-05-17T24:00:00Z,,0,0,873,1134,196357,20436,351224,e13cc38b63a376772210c47aebf70ef68ca6ed9b
20200516,56,1469690.0,5810781.0,3788.0,43515.0,166131.0,10276.0,6945.0,5532.0,592.0,2020-05-16T24:00:00Z,85398.0,166131.0,11722493,2020-05-16T24:00:00Z,,0,0,1237,1796,193950,23743,385388,035e5132c50c9f683a917eaf424e9001d7369c57
20200515,56,1445947.0,5616831.0,2457.0,44553.0,164335.0,10476.0,6890.0,5744.0,589.0,2020-05-15T24:00:00Z,84161.0,164335.0,11337105,2020-05-15T24:00:00Z,,0,0,1538,1314,195461,25490,407466,417ece287d185fe9916fa6e275c0d2dc8d2b195c
20200514,56,1420457.0,5421370.0,2673.0,45923.0,163021.0,10655.0,6795.0,5940.0,582.0,2020-05-14T24:00:00Z,82623.0,163021.0,10929639,2020-05-14T24:00:00Z,,0,0,1853,3160,203478,26773,389567,60c8af0077f8e146c44b8046c4264c4c20ea8242
20200513,56,1393684.0,5217892.0,1983.0,46921.0,159861.0,10991.0,6713.0,6164.0,572.0,2020-05-13T24:00:00Z,80770.0,159861.0,10540072,2020-05-13T24:00:00Z,,0,0,1730,1786,178771,21500,342370,e9a7a5eb6f0f12c3b6ee33b5c3f2ef731e31b096
20200512,56,1372184.0,5039121.0,1803.0,47343.0,158075.0,11241.0,6585.0,6350.0,559.0,2020-05-12T24:00:00Z,79040.0,158075.0,10197702,2020-05-12T24:00:00Z,,0,0,1509,1486,174820,22442,343475,f3b0682ca580c4273011807c19296263e5ea6744
20200511,56,1349742.0,4864301.0,1989.0,46550.0,156589.0,11153.0,6488.0,6349.0,551.0,2020-05-11T24:00:00Z,77531.0,156589.0,9854227,2020-05-11T24:00:00Z,,0,0,891,1374,251302,18140,372212,81d76e8109371ab404fa08984ca11a5cd3ccf4f3
20200510,56,1331602.0,4612999.0,3095.0,46735.0,155215.0,11382.0,6445.0,6392.0,547.0,2020-05-10T24:00:00Z,76640.0,155215.0,9482015,2020-05-10T24:00:00Z,,0,0,1035,1043,141794,21116,276040,d057e9261c71026ede27b0166507a30a764deec3
20200509,56,1310486.0,4471205.0,3054.0,48581.0,154172.0,11504.0,6367.0,6550.0,543.0,2020-05-09T24:00:00Z,75605.0,154172.0,9205975,2020-05-09T24:00:00Z,,0,0,1456,1680,160818,25320,319941,8ca2d2445621195742ed3e6b92f01c24ab0d124b
20200508,56,1285166.0,4310387.0,3307.0,49770.0,152492.0,11786.0,6294.0,6793.0,531.0,2020-05-08T24:00:00Z,74149.0,152492.0,8886034,2020-05-08T24:00:00Z,,0,0,1784,6230,158802,27197,312403,11ec43107149e24fc09289da3331abf1bfc5133a
20200507,56,1257969.0,4151585.0,3171.0,51445.0,146262.0,12135.0,5174.0,7067.0,529.0,2020-05-07T24:00:00Z,72365.0,146262.0,8573631,2020-05-07T24:00:00Z,,0,0,2748,4191,145307,27229,327261,6becd8dfe4624d4eecc0854730fbd3c9c6eeaa62
20200506,56,1230740.0,4006278.0,2742.0,52609.0,142071.0,12480.0,4911.0,4758.0,449.0,2020-05-06T24:00:00Z,69617.0,142071.0,8246370,2020-05-06T24:00:00Z,,0,0,1918,2154,146062,25256,290370,136ac41e7ee7093f82ade7c7b9cf67654e9a7641
20200505,56,1205484.0,3860216.0,2633.0,53164.0,139917.0,12620.0,4794.0,4810.0,439.0,2020-05-05T24:00:00Z,67699.0,139917.0,7956000,2020-05-05T24:00:00Z,,0,0,2490,1932,146546,22344,282550,22102849b42f7c72e56673745fca39d108200237
20200504,56,1183140.0,3713670.0,2791.0,52375.0,137985.0,12701.0,4579.0,4852.0,430.0,2020-05-04T24:00:00Z,65209.0,137985.0,7673450,2020-05-04T24:00:00Z,,0,0,1028,1765,122137,22195,231177,0901315391476cf862d8d86eb10c6f07577522e8
20200503,56,1160945.0,3591533.0,2812.0,52623.0,136220.0,12724.0,4502.0,4762.0,425.0,2020-05-03T24:00:00Z,64181.0,136220.0,7442273,2020-05-03T24:00:00Z,,0,0,1248,1855,138204,25789,237719,3833899877fcd5f292873895ba1e54465096466f
20200502,56,1135156.0,3453329.0,1578.0,54008.0,134365.0,12904.0,4386.0,4846.0,375.0,2020-05-02T24:00:00Z,62933.0,134365.0,7204554,2020-05-02T24:00:00Z,,0,0,1527,1995,122506,29196,267778,bbc47f9e928dc64938d683514984fc34d16a75f9
20200501,56,1105960.0,3330823.0,1639.0,54897.0,132370.0,12861.0,4300.0,4712.0,376.0,2020-05-01T24:00:00Z,61406.0,132370.0,6936776,2020-05-01T24:00:00Z,,0,0,1809,9874,146618,32808,283769,f49b49d4e588173ef80d087aa1c19eddd5543dbe
20200430,56,1073152.0,3184205.0,2775.0,54905.0,122496.0,13246.0,4192.0,4708.0,373.0,2020-04-30T24:00:00Z,59597.0,122496.0,6653007,2020-04-30T24:00:00Z,,0,0,2160,2382,126428,30046,275532,e4b8cec10bc8d21fff2db4a449bfd4549aca62b5
20200429,56,1043106.0,3057777.0,4832.0,56009.0,120114.0,13550.0,4093.0,4803.0,365.0,2020-04-29T24:00:00Z,57437.0,120114.0,6377475,2020-04-29T24:00:00Z,,0,0,2676,2946,128582,26176,256326,25bdf532b8c105dbeaaf8f1b67c2f9b153b82c5f
20200428,56,1016930.0,2929195.0,4206.0,56034.0,117168.0,13562.0,3798.0,4760.0,252.0,2020-04-28T24:00:00Z,54761.0,117168.0,6121149,2020-04-28T24:00:00Z,,0,0,2078,2014,114236,25234,224357,5fedba76f13998686853e2c58835322d83c8cce0
20200427,56,991696.0,2814959.0,4077.0,56183.0,115154.0,13812.0,3720.0,4867.0,252.0,2020-04-27T24:00:00Z,52683.0,115154.0,5896792,2020-04-27T24:00:00Z,,0,0,1290,2245,94811,22407,191385,fe59d278dc786cdbef4698822278811ddd9e3d35
20200426,56,969289.0,2720148.0,4445.0,56161.0,112909.0,14093.0,2571.0,5119.0,227.0,2020-04-26T24:00:00Z,51393.0,112909.0,5705407,2020-04-26T24:00:00Z,,0,0,1219,2215,110791,27314,202703,31d1477fa85528b6c5df7fa15c10d3d3ad08f455
20200425,56,941975.0,2609357.0,5315.0,57340.0,110694.0,14411.0,2516.0,5266.0,227.0,2020-04-25T24:00:00Z,50174.0,110694.0,5502704,2020-04-25T24:00:00Z,,0,0,1629,2297,142776,35734,274315,3e9a9e1a7e8ec3da391f4c687048b370d415a146
20200424,56,906241.0,2466581.0,4396.0,57370.0,108397.0,14623.0,2468.0,5194.0,227.0,2020-04-24T24:00:00Z,48545.0,108397.0,5228389,2020-04-24T24:00:00Z,,0,0,1974,2388,125303,34226,241130,39437035cbbf123191b3f1d1da35d81769f0195a
20200423,56,872015.0,2341278.0,4258.0,59214.0,106009.0,14737.0,2428.0,5463.0,227.0,2020-04-23T24:00:00Z,46571.0,106009.0,4987259,2020-04-23T24:00:00Z,,0,0,1809,2820,101935,31953,213073,bcfab7f4d5737ab574e14c3514d351cb16e63dde
20200422,56,840062.0,2239343.0,4191.0,59207.0,103189.0,15016.0,2370.0,5474.0,227.0,2020-04-22T24:00:00Z,44762.0,103189.0,4774186,2020-04-22T24:00:00Z,,0,0,2085,3086,-176851,29176,342986,375f7b167a107236245e6848ed5e4a653b2c760c
20200421,56,810886.0,2416194.0,3956.0,59779.0,100103.0,14945.0,2315.0,5514.0,214.0,2020-04-21T24:00:00Z,42677.0,100103.0,4431200,2020-04-21T24:00:00Z,,0,0,2479,2736,89917,26039,167784,4297da027fc5c30be2b44660167963a863c94732
20200420,56,784847.0,2326277.0,4037.0,56721.0,97367.0,14463.0,2193.0,5569.0,214.0,2020-04-20T24:00:00Z,40198.0,97367.0,4263416,2020-04-20T24:00:00Z,,0,0,1816,2309,88392,25967,145474,9a50a80a65da540a50eb33acbdbcc5d56eecae44
20200419,56,758880.0,2237885.0,11324.0,56497.0,95058.0,14385.0,2145.0,5603.0,214.0,2020-04-19T24:00:00Z,38382.0,95058.0,4117942,2020-04-19T24:00:00Z,,0,0,1763,2177,88031,27523,147507,0722eb9f865ec61d9b773ecfc97501155e7dfa86
20200418,56,731357.0,2149854.0,9906.0,57799.0,92881.0,14764.0,2096.0,5733.0,205.0,2020-04-18T24:00:00Z,36619.0,92881.0,3970435,2020-04-18T24:00:00Z,,0,0,1895,3440,87977,27950,168138,019037764ff9d27cf7929371d4036bf309e3dc0d
20200417,56,703407.0,2061877.0,10889.0,58892.0,89441.0,14910.0,2052.0,6098.0,187.0,2020-04-17T24:00:00Z,34724.0,89441.0,3802297,2020-04-17T24:00:00Z,,0,0,2118,3366,86579,31984,168553,781d6bcda96701aa19754189d3f4deee7089e7a5
20200416,56,671423.0,1975298.0,16927.0,59496.0,86075.0,15136.0,1834.0,5940.0,176.0,2020-04-16T24:00:00Z,32606.0,86075.0,3633744,2020-04-16T24:00:00Z,,0,0,2194,3172,99209,31527,182050,9389d91f7cfdf1a3962cb01d5c91fdf2e23bef91
20200415,56,639896.0,1876089.0,16901.0,59930.0,82903.0,14639.0,1783.0,6033.0,223.0,2020-04-15T24:00:00Z,30412.0,82903.0,3451694,2020-04-15T24:00:00Z,,0,0,2545,3502,77893,29921,151658,725af0c805fbaeec4181af7fe9c8c430832dd6db
20200414,56,609975.0,1798196.0,16615.0,59610.0,79401.0,14047.0,1715.0,5981.0,221.0,2020-04-14T24:00:00Z,27867.0,79401.0,3300036,2020-04-14T24:00:00Z,,0,0,2352,3172,86930,25874,159086,5fcef88bf0f0a6c3127831757d4e3e38912ae820
20200413,56,584101.0,1711266.0,17159.0,56211.0,76229.0,13605.0,1622.0,6170.0,208.0,2020-04-13T24:00:00Z,25515.0,76229.0,3140950,2020-04-13T24:00:00Z,,0,0,1633,4491,80318,24281,125399,73cd3aa201c384dccc41879ae26ca5b9b62f838b
20200412,56,559820.0,1630948.0,16419.0,55294.0,71738.0,13597.0,1449.0,5962.0,158.0,2020-04-12T24:00:00Z,23882.0,71738.0,3015551,2020-04-12T24:00:00Z,,0,0,1700,3322,85868,28115,139414,6f8af70792ed6192bfbff41568a827cd248c3cb2
20200411,56,531705.0,1545080.0,16593.0,55563.0,68416.0,13293.0,1399.0,5986.0,152.0,2020-04-11T24:00:00Z,22182.0,68416.0,2876137,2020-04-11T24:00:00Z,,0,0,2075,3735,80262,31263,148501,8ca89bc75165bcccc21518136d43d107b33e0ed3
20200410,56,500442.0,1464818.0,17435.0,53167.0,64681.0,12693.0,1179.0,5937.0,39.0,2020-04-10T24:00:00Z,20107.0,64681.0,2727636,2020-04-10T24:00:00Z,,0,0,2083,4911,79952,33608,159363,3cbed4f9c3302edc62ebbfba8c3619079cb11b13
20200409,56,466834.0,1384866.0,17622.0,51323.0,59770.0,12445.0,918.0,5798.0,39.0,2020-04-09T24:00:00Z,18024.0,59770.0,2568273,2020-04-09T24:00:00Z,,0,0,2051,3829,105212,35116,175468,c968fc46b405f97ddb14a470d8752b2e176ab613
20200408,56,431718.0,1279654.0,17219.0,45359.0,55941.0,10276.0,862.0,4142.0,39.0,2020-04-08T24:00:00Z,15973.0,55941.0,2392805,2020-04-08T24:00:00Z,,0,0,2003,4387,83214,30959,164031,56aea3862d0fee7a3c4dcff0f756d368492f5c5c
20200407,56,400759.0,1196440.0,16548.0,43849.0,51554.0,9978.0,738.0,4047.0,43.0,2020-04-07T24:00:00Z,13970.0,51554.0,2228774,2020-04-07T24:00:00Z,,0,0,2038,2931,95751,30476,165633,4d86583427087881b1f49132deb241ab2cafc207
20200406,56,370283.0,1100689.0,17283.0,36159.0,48623.0,7079.0,663.0,2961.0,39.0,2020-04-06T24:00:00Z,11932.0,48623.0,2063141,2020-04-06T24:00:00Z,,0,0,1314,2962,84223,28243,138816,f69249d167ccdc9644534c1fae832c5c84fabb1e
20200405,56,342040.0,1016466.0,17303.0,32180.0,45661.0,5811.0,609.0,650.0,39.0,2020-04-05T24:00:00Z,10618.0,45661.0,1924325,2020-04-05T24:00:00Z,,0,0,1342,3953,66785,25910,122487,8155971268bff29ea947efe696cfb74ba6e2652e
20200404,56,316130.0,949681.0,15569.0,30456.0,41708.0,5500.0,403.0,656.0,39.0,2020-04-04T24:00:00Z,9276.0,41708.0,1801838,2020-04-04T24:00:00Z,,0,0,1478,4993,165365,33058,232763,3d1217986dbd60a4f3296d61db6d42918cd7e530
20200403,56,283072.0,784316.0,61976.0,25723.0,36715.0,4928.0,335.0,623.0,39.0,2020-04-03T24:00:00Z,7798.0,36715.0,1569075,2020-04-03T24:00:00Z,,0,0,1287,4621,69075,31890,139887,1eab9fc200bec242d5028aba166304e8d85ea567
20200402,56,251182.0,715241.0,62097.0,22995.0,32094.0,4513.0,305.0,576.0,32.0,2020-04-02T24:00:00Z,6511.0,32094.0,1429188,2020-04-02T24:00:00Z,,0,0,1175,4164,63918,28063,127024,03fd3e23deb794f1671b59e61c6065a266d2b95a
20200401,56,223119.0,651323.0,59665.0,20906.0,27930.0,3937.0,256.0,561.0,32.0,2020-04-01T24:00:00Z,5336.0,27930.0,1302164,2020-04-01T24:00:00Z,,0,0,1006,4148,61220,26271,119831,6e335e6f1c8c8092a688663909eec69aab309ab3
20200331,56,196848.0,590103.0,59518.0,18155.0,23782.0,3487.0,230.0,506.0,,2020-03-31T24:00:00Z,4330.0,23782.0,1182333,2020-03-31T24:00:00Z,,0,0,908,3995,61481,24937,115523,710b0a70e012a42a5b3b7ccf78276e05184d2843
20200330,56,171911.0,528622.0,65369.0,15892.0,19787.0,3087.0,187.0,449.0,,2020-03-30T24:00:00Z,3422.0,19787.0,1066810,2020-03-30T24:00:00Z,,0,0,585,2473,65019,21202,102617,c0e4253325e76e2f8bdb95ec32021b93f24e8c17
20200329,56,150709.0,463603.0,65545.0,14055.0,17314.0,2456.0,156.0,433.0,,2020-03-29T24:00:00Z,2837.0,17314.0,964193,2020-03-29T24:00:00Z,,0,0,505,2797,50961,19664,84322,ffd62fd06206676cd1b72f518fd3a8890cca0ee8
20200328,56,131045.0,412642.0,65709.0,12393.0,14517.0,2174.0,140.0,390.0,,2020-03-28T24:00:00Z,2332.0,14517.0,879871,2020-03-28T24:00:00Z,,0,0,551,2406,80193,19771,111097,14c30859377389e451351fbc96ea814f750a8cad
20200327,56,111274.0,332449.0,60091.0,10887.0,12111.0,1792.0,124.0,293.0,,2020-03-27T24:00:00Z,1781.0,12111.0,768774,2020-03-27T24:00:00Z,,0,0,410,2589,57841,19254,99768,be1793f4990906a03060049a46903eb12c9c006a
20200326,56,92020.0,274608.0,60251.0,7805.0,9522.0,1299.0,91.0,258.0,,2020-03-26T24:00:00Z,1371.0,9522.0,669006,2020-03-26T24:00:00Z,,0,0,313,2449,53747,17616,105887,64a922ee784cbddd3b2adc1f15ff774b3bc7fbf4
20200325,56,74404.0,220861.0,51235.0,5140.0,7073.0,,74.0,167.0,,2020-03-25T24:00:00Z,1058.0,7073.0,563119,2020-03-25T24:00:00Z,,0,0,241,1954,40829,12631,82630,bd12f3662963fae0b1a667996790b977def7dec7
20200324,56,61773.0,180032.0,14433.0,3938.0,5119.0,,,,,2020-03-24T24:00:00Z,817.0,5119.0,480489,2020-03-24T24:00:00Z,,0,0,236,1186,44338,10882,80112,8bac9954548cd4d9b815086fe8837083fd9188ee
20200323,56,50891.0,135694.0,14571.0,2812.0,3933.0,,,,,2020-03-23T24:00:00Z,581.0,3933.0,400377,2020-03-23T24:00:00Z,,0,0,101,950,27443,11192,59774,a663299a5eedad10381cf35905c15e67b7b46b91
20200322,56,39699.0,108251.0,3275.0,2173.0,2983.0,,,,,2020-03-22T24:00:00Z,480.0,2983.0,340603,2020-03-22T24:00:00Z,,0,0,145,962,16832,9223,50755,d36b748d440ea52ae4cfe59f1e0797bb3b8c0028
20200321,56,30476.0,91419.0,3468.0,1492.0,2021.0,,,,,2020-03-21T24:00:00Z,335.0,2021.0,289848,2020-03-21T24:00:00Z,,0,0,62,1849,26304,6932,56045,e1f475b2020885941b81413c6bc407ee279d7da7
20200320,56,23544.0,65115.0,3334.0,1042.0,172.0,,,,,2020-03-20T24:00:00Z,273.0,172.0,233803,2020-03-20T24:00:00Z,,0,0,70,44,13894,6102,47818,fd631e7eba2f5897451589ca4dbc6d2ece20b0e6
20200319,56,17442.0,51221.0,2940.0,617.0,128.0,,,,,2020-03-19T24:00:00Z,203.0,128.0,185985,2020-03-19T24:00:00Z,,0,0,51,34,11922,4614,39641,65a561bb24fa9a1c10424a619b5a6993f4f04159
20200318,56,12828.0,39299.0,2349.0,416.0,94.0,,,,,2020-03-18T24:00:00Z,152.0,94.0,146344,2020-03-18T24:00:00Z,,0,0,28,18,8022,3357,32717,b88e6f8e8bf76a3749952c5802c9828e27dedd6c
20200317,56,9471.0,31277.0,1685.0,325.0,76.0,,,,,2020-03-17T24:00:00Z,124.0,76.0,113627,2020-03-17T24:00:00Z,,0,0,24,33,7448,2088,26700,c2b1f74e69397eb2086747404a72823d9658d6b1
20200316,56,7383.0,23829.0,1734.0,,43.0,,,,,2020-03-16T24:00:00Z,100.0,43.0,86927,2020-03-16T24:00:00Z,,0,0,21,6,12909,1715,25106,877ad3a90ddb297744ee926da035b606f553497b
20200315,51,5668.0,10920.0,2174.0,,37.0,,,,,2020-03-15T24:00:00Z,79.0,37.0,61821,2020-03-15T24:00:00Z,,0,0,15,10,2833,1289,10228,03f02ef4a0493c38bfa73f901414b84cbcfb3285
20200314,51,4379.0,8087.0,1236.0,,27.0,,,,,2020-03-14T24:00:00Z,64.0,27.0,51593,2020-03-14T24:00:00Z,,0,0,8,4,1810,1025,10159,50e55b396cbee5656009a9c6c6eb6b8cb6212255
20200313,51,3354.0,6277.0,1035.0,,23.0,,,,,2020-03-13T24:00:00Z,56.0,23.0,41434,2020-03-13T24:00:00Z,,0,0,5,6,1305,843,10114,2115b38b20efc4ef6c1a02d4b3cd4e64a5333a9d
20200312,51,2511.0,4972.0,673.0,,17.0,,,,,2020-03-12T24:00:00Z,51.0,17.0,31320,2020-03-12T24:00:00Z,,0,0,8,5,1174,683,7008,ccfae2e376bbe3db2ca9d743e334905db855f8be
20200311,51,1828.0,3798.0,568.0,,12.0,,,,,2020-03-11T24:00:00Z,43.0,12.0,24312,2020-03-11T24:00:00Z,,0,0,6,3,1159,420,4690,ce1da0a34f7aa1db3d1d107f9579ca3ac237fd18
20200310,51,1408.0,2639.0,453.0,,9.0,,,,,2020-03-10T24:00:00Z,37.0,9.0,19622,2020-03-10T24:00:00Z,,0,0,2,0,565,388,3235,c0921e6c26939ed95f5c75936f6d8fd8dcfaa027
20200309,51,1020.0,2074.0,315.0,,9.0,,,,,2020-03-09T24:00:00Z,35.0,9.0,16387,2020-03-09T24:00:00Z,,0,0,4,3,481,276,2170,4e6edcea58ca0c0ab87c6ef038dbb1b7bc88f060
20200308,51,744.0,1593.0,334.0,,6.0,,,,,2020-03-08T24:00:00Z,31.0,6.0,14217,2020-03-08T24:00:00Z,,0,0,4,0,231,170,1183,814fec93d9d16041b463a386b3bfa157888e3192
20200307,51,574.0,1362.0,521.0,,6.0,,,,,2020-03-07T24:00:00Z,27.0,6.0,13034,2020-03-07T24:00:00Z,,0,0,1,0,261,137,995,a4bab5a834f83fd9df96d140c1db0f3ae958ef8b
20200306,39,437.0,1101.0,482.0,,6.0,,,,,2020-03-06T24:00:00Z,26.0,6.0,12039,2020-03-06T24:00:00Z,,0,0,6,1,209,132,2241,b671bf7c3bcd3d46459c44891a18917699a52b71
20200305,31,305.0,892.0,211.0,,5.0,,,,,2020-03-05T24:00:00Z,20.0,5.0,9798,2020-03-05T24:00:00Z,,0,0,4,1,187,65,1596,50ad29dd36deb22b121fe4271243d512b239f778
20200304,25,240.0,705.0,106.0,,4.0,,,,,2020-03-04T24:00:00Z,16.0,4.0,8202,2020-03-04T24:00:00Z,,0,0,2,4,700,126,1031,4bae8a738fb50da7828a95ab7da32b18a997b55e
20200303,15,114.0,5.0,,,,,,,,2020-03-03T24:00:00Z,14.0,,7171,2020-03-03T24:00:00Z,,0,0,3,0,2,42,298,53eeaea0ece51d38d37fe565b1960d16c0d76722
20200302,11,72.0,3.0,,,,,,,,2020-03-02T24:00:00Z,11.0,,6873,2020-03-02T24:00:00Z,,0,0,3,0,1,30,212,2f6baf39657f551d883d8d0d6259e729e58695d1
20200301,10,42.0,2.0,,,,,,,,2020-03-01T24:00:00Z,8.0,,6661,2020-03-01T24:00:00Z,,0,0,3,0,2,24,109,e4b5ee917c9d25cb628b0e7d694fd1e6f6588baf
20200229,7,18.0,,,,,,,,,2020-02-29T24:00:00Z,5.0,,6552,2020-02-29T24:00:00Z,,0,0,1,0,0,3,62,863dc562c6c72652519a05c9ea14483ff73de8b3
20200228,7,15.0,,,,,,,,,2020-02-28T24:00:00Z,4.0,,6490,2020-02-28T24:00:00Z,,0,0,2,0,0,2,3,0e9e48365880420971efb3500d80081c34497179
20200227,7,13.0,,,,,,,,,2020-02-27T24:00:00Z,2.0,,6487,2020-02-27T24:00:00Z,,0,0,0,0,0,1,6446,82754c8d1a98af8e9f4cd6edc308d4982a58abcd
20200226,6,12.0,,,,,,,,,2020-02-26T24:00:00Z,2.0,,41,2020-02-26T24:00:00Z,,0,0,2,0,0,2,0,b442b66cab4befe408980c6466a56a469451c2d1
20200225,6,10.0,,,,,,,,,2020-02-25T24:00:00Z,0.0,,41,2020-02-25T24:00:00Z,,0,0,0,0,0,1,1,d572198f16ef21555a99e484d1b24f5a6f931486
20200224,6,9.0,,,,,,,,,2020-02-24T24:00:00Z,0.0,,40,2020-02-24T24:00:00Z,,0,0,0,0,0,1,2,5cac91319461d69641df0917fadc1e0641af70e2
20200223,6,8.0,,,,,,,,,2020-02-23T24:00:00Z,0.0,,38,2020-02-23T24:00:00Z,,0,0,0,0,0,1,0,61eb74f03618a57f83dbff58e629c5e51c1528e4
20200222,6,7.0,,,,,,,,,2020-02-22T24:00:00Z,0.0,,38,2020-02-22T24:00:00Z,,0,0,0,0,0,0,1,41bd2e9c52e995e61b314189f2915e5f1fe05c7c
20200221,6,7.0,,,,,,,,,2020-02-21T24:00:00Z,0.0,,37,2020-02-21T24:00:00Z,,0,0,0,0,0,0,1,59e88b8e836265b058cbae7895fa892ef8b19008
20200220,6,7.0,,,,,,,,,2020-02-20T24:00:00Z,0.0,,36,2020-02-20T24:00:00Z,,0,0,0,0,0,0,1,98c9e28ceec3f81af9e70df489aa8d21f0f45753
20200219,6,7.0,,,,,,,,,2020-02-19T24:00:00Z,0.0,,35,2020-02-19T24:00:00Z,,0,0,0,0,0,0,6,6ea5e7f85ab9b00b0c739429589ff97975ea4e63
20200218,6,7.0,,,,,,,,,2020-02-18T24:00:00Z,0.0,,29,2020-02-18T24:00:00Z,,0,0,0,0,0,0,0,965aa5547c7311d07a9037b6982f1c9ad9a43de1
20200217,6,7.0,,,,,,,,,2020-02-17T24:00:00Z,0.0,,29,2020-02-17T24:00:00Z,,0,0,0,0,0,0,1,1afa9953a86eaf1ee29c32a4b5c0867250c2a513
20200216,6,7.0,,,,,,,,,2020-02-16T24:00:00Z,0.0,,28,2020-02-16T24:00:00Z,,0,0,0,0,0,0,2,29d15de3a9b6b9e77ae62d15edb1827df5a8f607
20200215,6,7.0,,,,,,,,,2020-02-15T24:00:00Z,0.0,,26,2020-02-15T24:00:00Z,,0,0,0,0,0,0,4,e191eac9f25ebcbf218452097a93ffd33ae9cf64
20200214,5,7.0,,,,,,,,,2020-02-14T24:00:00Z,0.0,,22,2020-02-14T24:00:00Z,,0,0,0,0,0,1,0,ee7096da78f0c448b72e82c22157aae637f08a44
20200213,5,6.0,,,,,,,,,2020-02-13T24:00:00Z,0.0,,22,2020-02-13T24:00:00Z,,0,0,0,0,0,1,1,8b1fe8b891ed1c9b7a08ada4848d3c5e52257cd9
20200212,5,5.0,,,,,,,,,2020-02-12T24:00:00Z,0.0,,21,2020-02-12T24:00:00Z,,0,0,0,0,0,0,1,8dd8b51807df5824e3f90833f75853896b24a0f9
20200211,5,5.0,,,,,,,,,2020-02-11T24:00:00Z,0.0,,20,2020-02-11T24:00:00Z,,0,0,0,0,0,0,1,14f19b57460509ebc08a5907528b2f31e79b59f2
20200210,5,5.0,,,,,,,,,2020-02-10T24:00:00Z,0.0,,19,2020-02-10T24:00:00Z,,0,0,0,0,0,0,1,a3b33f9cbf408a36376df77d8514958c125dde29
20200209,4,5.0,,,,,,,,,2020-02-09T24:00:00Z,,,18,2020-02-09T24:00:00Z,,0,0,0,0,0,0,0,f2a72941dabaac1231a359fe69b2c8f07fcf0de9
20200208,4,5.0,,,,,,,,,2020-02-08T24:00:00Z,,,18,2020-02-08T24:00:00Z,,0,0,0,0,0,0,2,45d5434a34930849d0afd61f28e6e5ca8e56a36e
20200207,4,5.0,,,,,,,,,2020-02-07T24:00:00Z,,,16,2020-02-07T24:00:00Z,,0,0,0,0,0,0,0,86d40971c0969dea20d8af3052a59fc8258c198c
20200206,4,5.0,,,,,,,,,2020-02-06T24:00:00Z,,,16,2020-02-06T24:00:00Z,,0,0,0,0,0,2,1,fb667e7beb6fda059a920d946a34999d1f95f299
20200205,4,3.0,,,,,,,,,2020-02-05T24:00:00Z,,,15,2020-02-05T24:00:00Z,,0,0,0,0,0,0,0,d0347190730129163531b7511ec9a46d87cc01c5
20200204,4,3.0,,,,,,,,,2020-02-04T24:00:00Z,,,15,2020-02-04T24:00:00Z,,0,0,0,0,0,0,4,f1808d114a9b1aa49f0d459ad83abac222fab169
20200203,4,3.0,,,,,,,,,2020-02-03T24:00:00Z,,,11,2020-02-03T24:00:00Z,,0,0,0,0,0,1,3,d33cda399ffd5a8f6c021f96985fb70249cdae6e
20200202,4,2.0,,,,,,,,,2020-02-02T24:00:00Z,,,8,2020-02-02T24:00:00Z,,0,0,0,0,0,0,0,913719ab7cdecf79cc06b61d1f416100ae2fe732
20200201,4,2.0,,,,,,,,,2020-02-01T24:00:00Z,,,8,2020-02-01T24:00:00Z,,0,0,0,0,0,0,0,312360d4f68c25860d4ab92b9f0b75294f665102
20200131,4,2.0,,,,,,,,,2020-01-31T24:00:00Z,,,8,2020-01-31T24:00:00Z,,0,0,0,0,0,0,3,da0df81a08624e50176ebd7b0e47377944499c70
20200130,4,2.0,,,,,,,,,2020-01-30T24:00:00Z,,,5,2020-01-30T24:00:00Z,,0,0,0,0,0,0,0,aab145b00f071d93a2917f002d90b8023c8a84e5
20200129,4,2.0,,,,,,,,,2020-01-29T24:00:00Z,,,5,2020-01-29T24:00:00Z,,0,0,0,0,0,0,2,94d048aa2512005bf05ce8bc4fec7fbecec981f5
20200128,3,2.0,,,,,,,,,2020-01-28T24:00:00Z,,,3,2020-01-28T24:00:00Z,,0,0,0,0,0,0,0,c4def787cffd71c27af0fb540777e1e6a0333aac
20200127,3,2.0,,,,,,,,,2020-01-27T24:00:00Z,,,3,2020-01-27T24:00:00Z,,0,0,0,0,0,0,1,c747a44fc1e2b9bc8a23f2cb55ca5439ab6c0bc1
20200126,2,2.0,,,,,,,,,2020-01-26T24:00:00Z,,,2,2020-01-26T24:00:00Z,,0,0,0,0,0,0,0,75935e2e8d35eede3cf3ed0c369bd31f2fbe91f6
20200125,2,2.0,,,,,,,,,2020-01-25T24:00:00Z,,,2,2020-01-25T24:00:00Z,,0,0,0,0,0,0,0,aabb76cda5b58a0f256a8f550cbae00bc81a1764
20200124,2,2.0,,,,,,,,,2020-01-24T24:00:00Z,,,2,2020-01-24T24:00:00Z,,0,0,0,0,0,0,0,5b149d1f58f37c41b40ca3acd7763d764e178776
20200123,2,2.0,,,,,,,,,2020-01-23T24:00:00Z,,,2,2020-01-23T24:00:00Z,,0,0,0,0,0,0,1,c604c6455d8f618678c08ceb76ed9826b253d104
20200122,2,2.0,,,,,,,,,2020-01-22T24:00:00Z,,,1,2020-01-22T24:00:00Z,,0,0,0,0,0,0,1,ffee280533875f8ba1b85294085e74919fcc3ec2
20200121,1,2.0,,,,,,,,,2020-01-21T24:00:00Z,,,0,2020-01-21T24:00:00Z,,0,0,0,0,0,1,0,1eeddf821d7b9cd08a5ff80a5dca47f4693e4eba
20200120,1,1.0,,,,,,,,,2020-01-20T24:00:00Z,,,0,2020-01-20T24:00:00Z,,0,0,0,0,0,0,0,776e42ed9cc6026fcf1e885daaa7dff4fb4b0b3f
20200119,1,1.0,,,,,,,,,2020-01-19T24:00:00Z,,,0,2020-01-19T24:00:00Z,,0,0,0,0,0,1,0,c989920d1706d11b097eaaf5a20bc4d081d1208c
20200118,1,0.0,,,,,,,,,2020-01-18T24:00:00Z,,,0,2020-01-18T24:00:00Z,,0,0,0,0,0,0,0,2394f592b3b27ff21aaebc736a404177acd71927
20200117,1,0.0,,,,,,,,,2020-01-17T24:00:00Z,,,0,2020-01-17T24:00:00Z,,0,0,0,0,0,0,0,5fd7ed7fb0f83565ea0aaaf5ff6104e5860be2d6
20200116,1,0.0,,,,,,,,,2020-01-16T24:00:00Z,,,0,2020-01-16T24:00:00Z,,0,0,0,0,0,0,0,4c0f2ea879eefec1a18a93bcd8a382ea56cd452d
20200115,1,0.0,,,,,,,,,2020-01-15T24:00:00Z,,,0,2020-01-15T24:00:00Z,,0,0,0,0,0,0,0,8a449023413eea473277416e9e30ae126c6af047
20200114,1,0.0,,,,,,,,,2020-01-14T24:00:00Z,,,0,2020-01-14T24:00:00Z,,0,0,0,0,0,0,0,fe399466a3dfbe0221a18ed5cacb39a3882d72f8
20200113,1,,,,,,,,,,2020-01-13T24:00:00Z,,,0,2020-01-13T24:00:00Z,,0,0,0,0,0,0,0,5672debf187b183735be63f6bd85834ead0047ff
